-- --------------------------------------------------------
-- Hôte :                        localhost
-- Version du serveur:           5.7.24 - MySQL Community Server (GPL)
-- SE du serveur:                Win64
-- HeidiSQL Version:             10.2.0.5599
-- --------------------------------------------------------

/*!40101 SET @OLD_CHARACTER_SET_CLIENT=@@CHARACTER_SET_CLIENT */;
/*!40101 SET NAMES utf8 */;
/*!50503 SET NAMES utf8mb4 */;
/*!40014 SET @OLD_FOREIGN_KEY_CHECKS=@@FOREIGN_KEY_CHECKS, FOREIGN_KEY_CHECKS=0 */;
/*!40101 SET @OLD_SQL_MODE=@@SQL_MODE, SQL_MODE='NO_AUTO_VALUE_ON_ZERO' */;


-- Listage de la structure de la base pour apiecom
CREATE DATABASE IF NOT EXISTS `apiecom` /*!40100 DEFAULT CHARACTER SET latin1 */;
USE `apiecom`;

-- Listage de la structure de la table apiecom. failed_jobs
CREATE TABLE IF NOT EXISTS `failed_jobs` (
  `id` bigint(20) unsigned NOT NULL AUTO_INCREMENT,
  `connection` text COLLATE utf8mb4_unicode_ci NOT NULL,
  `queue` text COLLATE utf8mb4_unicode_ci NOT NULL,
  `payload` longtext COLLATE utf8mb4_unicode_ci NOT NULL,
  `exception` longtext COLLATE utf8mb4_unicode_ci NOT NULL,
  `failed_at` timestamp NOT NULL DEFAULT CURRENT_TIMESTAMP,
  PRIMARY KEY (`id`)
) ENGINE=InnoDB DEFAULT CHARSET=utf8mb4 COLLATE=utf8mb4_unicode_ci;

-- Listage des données de la table apiecom.failed_jobs : ~0 rows (environ)
DELETE FROM `failed_jobs`;
/*!40000 ALTER TABLE `failed_jobs` DISABLE KEYS */;
/*!40000 ALTER TABLE `failed_jobs` ENABLE KEYS */;

-- Listage de la structure de la table apiecom. migrations
CREATE TABLE IF NOT EXISTS `migrations` (
  `id` int(10) unsigned NOT NULL AUTO_INCREMENT,
  `migration` varchar(255) COLLATE utf8mb4_unicode_ci NOT NULL,
  `batch` int(11) NOT NULL,
  PRIMARY KEY (`id`)
) ENGINE=InnoDB AUTO_INCREMENT=6 DEFAULT CHARSET=utf8mb4 COLLATE=utf8mb4_unicode_ci;

-- Listage des données de la table apiecom.migrations : ~5 rows (environ)
DELETE FROM `migrations`;
/*!40000 ALTER TABLE `migrations` DISABLE KEYS */;
INSERT INTO `migrations` (`id`, `migration`, `batch`) VALUES
	(1, '2014_10_12_000000_create_users_table', 1),
	(2, '2014_10_12_100000_create_password_resets_table', 1),
	(3, '2019_08_19_000000_create_failed_jobs_table', 1),
	(4, '2019_12_25_174715_create_products_table', 1),
	(5, '2019_12_25_174807_create_reviews_table', 1);
/*!40000 ALTER TABLE `migrations` ENABLE KEYS */;

-- Listage de la structure de la table apiecom. password_resets
CREATE TABLE IF NOT EXISTS `password_resets` (
  `email` varchar(255) COLLATE utf8mb4_unicode_ci NOT NULL,
  `token` varchar(255) COLLATE utf8mb4_unicode_ci NOT NULL,
  `created_at` timestamp NULL DEFAULT NULL,
  KEY `password_resets_email_index` (`email`)
) ENGINE=InnoDB DEFAULT CHARSET=utf8mb4 COLLATE=utf8mb4_unicode_ci;

-- Listage des données de la table apiecom.password_resets : ~0 rows (environ)
DELETE FROM `password_resets`;
/*!40000 ALTER TABLE `password_resets` DISABLE KEYS */;
/*!40000 ALTER TABLE `password_resets` ENABLE KEYS */;

-- Listage de la structure de la table apiecom. products
CREATE TABLE IF NOT EXISTS `products` (
  `id` bigint(20) unsigned NOT NULL AUTO_INCREMENT,
  `name` varchar(255) COLLATE utf8mb4_unicode_ci NOT NULL,
  `detail` text COLLATE utf8mb4_unicode_ci NOT NULL,
  `price` int(11) NOT NULL,
  `stock` int(11) NOT NULL,
  `discount` int(11) NOT NULL,
  `created_at` timestamp NULL DEFAULT NULL,
  `updated_at` timestamp NULL DEFAULT NULL,
  PRIMARY KEY (`id`)
) ENGINE=InnoDB AUTO_INCREMENT=101 DEFAULT CHARSET=utf8mb4 COLLATE=utf8mb4_unicode_ci;

-- Listage des données de la table apiecom.products : ~100 rows (environ)
DELETE FROM `products`;
/*!40000 ALTER TABLE `products` DISABLE KEYS */;
INSERT INTO `products` (`id`, `name`, `detail`, `price`, `stock`, `discount`, `created_at`, `updated_at`) VALUES
	(1, 'et', 'Repudiandae mollitia quidem temporibus molestiae. Aut voluptate sequi est nesciunt.', 116, 0, 5, '2019-12-25 21:45:15', '2019-12-25 21:45:15'),
	(2, 'non', 'Odio incidunt dolores ut voluptas ab ut. Quia ut quam animi. Voluptatum ea et tempore.', 475, 2, 30, '2019-12-25 21:45:15', '2019-12-25 21:45:15'),
	(3, 'vel', 'Adipisci voluptatem nisi assumenda ipsum quia ea. Harum ut quis blanditiis. Nulla excepturi blanditiis aliquam perspiciatis.', 334, 3, 26, '2019-12-25 21:45:15', '2019-12-25 21:45:15'),
	(4, 'nisi', 'Facere et eaque reprehenderit aliquid. Facere reprehenderit molestiae suscipit qui. Ad quos corporis illum quia. Provident et ea ut soluta similique.', 462, 9, 8, '2019-12-25 21:45:15', '2019-12-25 21:45:15'),
	(5, 'esse', 'Autem vero alias dolorem atque. Error architecto consequatur qui sed ex.', 398, 3, 26, '2019-12-25 21:45:16', '2019-12-25 21:45:16'),
	(6, 'dolorem', 'Consequatur maiores amet voluptates vel necessitatibus id. Dolor voluptate ipsam consequatur. Velit ullam soluta maiores quibusdam consequuntur quibusdam corporis.', 431, 8, 9, '2019-12-25 21:45:16', '2019-12-25 21:45:16'),
	(7, 'nemo', 'Quia aliquam ab id id amet doloribus. Tenetur labore voluptate rerum rerum non est repellendus assumenda. Nisi quidem voluptatibus placeat at sed.', 485, 4, 12, '2019-12-25 21:45:16', '2019-12-25 21:45:16'),
	(8, 'quaerat', 'Pariatur sequi cumque omnis maiores in voluptatum. Consequatur necessitatibus et animi. Voluptates qui recusandae placeat consectetur. Aut doloremque minus occaecati repudiandae autem.', 197, 4, 28, '2019-12-25 21:45:16', '2019-12-25 21:45:16'),
	(9, 'nemo', 'Dolor molestias impedit enim est omnis harum. Molestias praesentium rerum magni.', 793, 4, 27, '2019-12-25 21:45:16', '2019-12-25 21:45:16'),
	(10, 'omnis', 'A et aut non alias. Repellat exercitationem incidunt unde nihil omnis ipsa nam. Reprehenderit aspernatur quia occaecati dolores necessitatibus consequatur accusamus voluptatem. Nostrum numquam assumenda quibusdam odit distinctio rem sit.', 817, 3, 24, '2019-12-25 21:45:16', '2019-12-25 21:45:16'),
	(11, 'expedita', 'Itaque eum voluptatem est eum. Possimus adipisci fuga earum. Ullam odit explicabo quia vel sed corporis sint voluptate.', 771, 4, 21, '2019-12-25 21:45:16', '2019-12-25 21:45:16'),
	(12, 'temporibus', 'Aut et ratione ullam dolorum labore. At quisquam ea placeat aliquam quia. Et qui ut et alias iusto alias. Aperiam est nobis possimus sed rerum iure soluta.', 523, 8, 6, '2019-12-25 21:45:16', '2019-12-25 21:45:16'),
	(13, 'voluptatem', 'Explicabo eaque sint quia mollitia vitae quis omnis. Praesentium dicta nemo quae enim voluptates omnis vero qui. Et ratione sequi iusto error.', 580, 1, 21, '2019-12-25 21:45:16', '2019-12-25 21:45:16'),
	(14, 'est', 'Fugiat voluptatem nihil sed totam voluptas pariatur laborum. Enim est voluptates voluptatem vel reiciendis non quasi.', 218, 1, 29, '2019-12-25 21:45:16', '2019-12-25 21:45:16'),
	(15, 'maiores', 'Aspernatur saepe autem molestias. Quas odio esse sit quos reprehenderit praesentium ullam quo. Id voluptas magni qui quo.', 924, 4, 6, '2019-12-25 21:45:16', '2019-12-25 21:45:16'),
	(16, 'et', 'A perferendis et quo laboriosam recusandae maiores. Repudiandae optio rerum ut sapiente aut culpa eum. Asperiores ut doloribus doloribus possimus vel. Non rerum voluptatem error dolores ea voluptate.', 352, 6, 8, '2019-12-25 21:45:16', '2019-12-25 21:45:16'),
	(17, 'ea', 'Totam illum repudiandae placeat ex consequatur. Recusandae itaque aliquam ut neque. Animi in quidem praesentium sit nihil.', 993, 4, 15, '2019-12-25 21:45:16', '2019-12-25 21:45:16'),
	(18, 'ut', 'Quisquam esse recusandae cum deserunt enim ex reprehenderit. Repellendus placeat ipsam ad maxime perferendis. Sunt totam quis in natus nulla a.', 647, 8, 7, '2019-12-25 21:45:16', '2019-12-25 21:45:16'),
	(19, 'numquam', 'Numquam cumque dolorem perferendis at est reprehenderit rerum. Omnis magnam voluptas maxime dolore consectetur pariatur. Nobis ipsa pariatur incidunt.', 609, 4, 25, '2019-12-25 21:45:16', '2019-12-25 21:45:16'),
	(20, 'odio', 'Sit distinctio veritatis quis praesentium. Porro quis deserunt consequatur officia porro et hic. Beatae odio et quia. Voluptas sunt explicabo consequatur nesciunt iusto vel.', 105, 8, 16, '2019-12-25 21:45:16', '2019-12-25 21:45:16'),
	(21, 'veritatis', 'Perferendis rerum pariatur inventore est omnis vel non voluptatem. Accusantium omnis quasi magni in nihil repellat. Tenetur sit et reiciendis tempora facilis consequatur quam.', 579, 3, 13, '2019-12-25 21:45:16', '2019-12-25 21:45:16'),
	(22, 'quibusdam', 'Assumenda modi doloremque quasi laborum voluptates doloribus. Qui recusandae quia autem id nulla dolorum est.', 113, 1, 24, '2019-12-25 21:45:16', '2019-12-25 21:45:16'),
	(23, 'sed', 'Voluptatem iusto voluptate qui dolores consequatur velit magni dolores. Voluptatem reprehenderit aut cumque ut sed eveniet qui. Sint quam sit quia dolorem consequatur nostrum.', 309, 9, 17, '2019-12-25 21:45:17', '2019-12-25 21:45:17'),
	(24, 'ut', 'Eos rerum nulla occaecati cupiditate tempora repellendus iusto. A sit quidem in qui cum facere. Eius blanditiis laborum totam aut quibusdam est voluptate rerum. Sint aut voluptatibus tempore expedita doloribus minima.', 146, 5, 26, '2019-12-25 21:45:17', '2019-12-25 21:45:17'),
	(25, 'aut', 'Vero perferendis soluta corporis distinctio mollitia id. Reiciendis numquam molestias laborum eum maxime. Impedit molestiae fugiat voluptatum et. Qui error id dolor tempore sed rerum.', 950, 0, 21, '2019-12-25 21:45:17', '2019-12-25 21:45:17'),
	(26, 'ad', 'Modi consequatur occaecati quia eum nemo consequatur nulla ad. Molestias non temporibus dolorum aut repellat ratione accusantium. Sapiente nulla aut quia dolorum. Alias libero possimus nostrum vel tempora.', 598, 5, 18, '2019-12-25 21:45:17', '2019-12-25 21:45:17'),
	(27, 'quia', 'Explicabo et repellat assumenda quia alias rem et aliquam. Suscipit sit quasi molestiae quae qui. Consequatur asperiores voluptates iste nihil voluptatem voluptas eum.', 214, 2, 30, '2019-12-25 21:45:17', '2019-12-25 21:45:17'),
	(28, 'non', 'Architecto dolor nemo id magnam blanditiis. Veritatis a qui rerum illum suscipit quas.', 826, 3, 14, '2019-12-25 21:45:17', '2019-12-25 21:45:17'),
	(29, 'iusto', 'Omnis error ut sint iure. Et quia magnam voluptas dolor rem. Deserunt hic minima nisi nam illum aliquam molestiae dolor.', 489, 7, 26, '2019-12-25 21:45:17', '2019-12-25 21:45:17'),
	(30, 'aliquid', 'Assumenda suscipit ipsa adipisci ratione dolorem. Sapiente ipsa placeat dolorum aliquam dolorem incidunt totam. Occaecati possimus odit deleniti culpa qui qui.', 244, 3, 22, '2019-12-25 21:45:17', '2019-12-25 21:45:17'),
	(31, 'doloremque', 'Sunt voluptatem ut hic nesciunt maiores. Quis pariatur doloribus autem.', 437, 0, 26, '2019-12-25 21:45:17', '2019-12-25 21:45:17'),
	(32, 'illo', 'Nobis modi ut harum et accusamus doloribus ut. Quo voluptates expedita velit omnis ipsam. Corrupti sed voluptas laboriosam expedita corporis iure voluptatem ut.', 464, 7, 12, '2019-12-25 21:45:17', '2019-12-25 21:45:17'),
	(33, 'veritatis', 'Ut suscipit eos voluptatem rerum rem. Deleniti natus quia quo ut unde. Non cumque fuga suscipit et voluptas quas blanditiis.', 197, 8, 27, '2019-12-25 21:45:17', '2019-12-25 21:45:17'),
	(34, 'consectetur', 'Id eius aliquid asperiores facilis distinctio. Nemo quisquam eligendi occaecati voluptate. Quidem error beatae molestiae ab at unde.', 661, 2, 20, '2019-12-25 21:45:17', '2019-12-25 21:45:17'),
	(35, 'voluptatem', 'Qui autem delectus praesentium dignissimos. At quis autem quia ut. Vitae excepturi animi omnis quam inventore. Quidem impedit quis iure.', 996, 9, 8, '2019-12-25 21:45:17', '2019-12-25 21:45:17'),
	(36, 'repellendus', 'Illo alias aut ea animi suscipit. Nihil ut cupiditate vel ad doloribus aperiam nobis. Dolorem aspernatur aut vel eum et inventore.', 181, 5, 16, '2019-12-25 21:45:17', '2019-12-25 21:45:17'),
	(37, 'quis', 'Maiores explicabo ad suscipit quibusdam facere. Qui dolorem accusantium est quia et. Accusantium exercitationem occaecati ad nisi molestiae dignissimos.', 664, 2, 21, '2019-12-25 21:45:17', '2019-12-25 21:45:17'),
	(38, 'ducimus', 'Aperiam sunt voluptas facilis ad voluptatem sapiente. Provident officia molestiae fugit nobis nihil magnam. Modi laboriosam quis minima. Dolores consequatur possimus asperiores animi quae non culpa.', 144, 1, 18, '2019-12-25 21:45:17', '2019-12-25 21:45:17'),
	(39, 'maxime', 'Quam numquam voluptas molestias dolorem aut sit. Sed quaerat voluptatibus nobis dolorem aut omnis alias ut. Quam iusto minima praesentium dolores quia et nam. Qui ex velit aut.', 880, 8, 30, '2019-12-25 21:45:17', '2019-12-25 21:45:17'),
	(40, 'ut', 'Tempora accusamus voluptatum laudantium velit voluptatum. Rerum id repellendus beatae ipsam. Molestiae ea est harum quasi possimus quis provident. Ex eveniet provident rerum sed officiis.', 506, 3, 8, '2019-12-25 21:45:18', '2019-12-25 21:45:18'),
	(41, 'ut', 'Fugit consectetur blanditiis cumque nisi molestias modi. Consequatur est dolor temporibus. Accusantium facilis facere laborum ut quaerat iure.', 622, 5, 20, '2019-12-25 21:45:18', '2019-12-25 21:45:18'),
	(42, 'excepturi', 'Illo quis distinctio magni dolorem. Magnam provident recusandae doloribus est ratione consequuntur. Aut architecto eos cupiditate nobis dolor. Exercitationem alias quia aut eos quae.', 330, 0, 23, '2019-12-25 21:45:18', '2019-12-25 21:45:18'),
	(43, 'alias', 'Neque vel omnis nemo aut non. Quis dolorem placeat ut eum nobis. Dignissimos commodi error sapiente molestias fuga. Quia dolor aut dignissimos velit.', 154, 4, 7, '2019-12-25 21:45:18', '2019-12-25 21:45:18'),
	(44, 'laborum', 'Perspiciatis in modi dolorem voluptates cumque odit cupiditate hic. Explicabo alias voluptatem ipsam vel molestias id. Reprehenderit error minima optio nostrum impedit. Reprehenderit cumque minima rerum dignissimos.', 277, 5, 9, '2019-12-25 21:45:18', '2019-12-25 21:45:18'),
	(45, 'tempore', 'Et qui dolores doloremque eaque qui et et impedit. Necessitatibus excepturi et molestias cupiditate consequatur odio. Quia maxime aut consequatur. Beatae laudantium eum minima et saepe natus.', 358, 1, 10, '2019-12-25 21:45:18', '2019-12-25 21:45:18'),
	(46, 'ratione', 'Illum vel ipsam vero ullam quia ex at sed. Ut accusamus ab sit ex eaque. Magnam quam in harum sed tenetur a.', 411, 3, 30, '2019-12-25 21:45:18', '2019-12-25 21:45:18'),
	(47, 'accusantium', 'Autem molestias vero et iste perspiciatis sit quo quos. Voluptates nisi molestias modi sunt. Asperiores sed molestiae laudantium iusto ad id omnis.', 698, 0, 14, '2019-12-25 21:45:18', '2019-12-25 21:45:18'),
	(48, 'aut', 'Ratione ea fuga asperiores quia. Sit error non accusantium laborum repellendus. Qui earum neque asperiores aspernatur eveniet autem exercitationem. Laborum et asperiores enim nostrum maiores.', 609, 9, 8, '2019-12-25 21:45:18', '2019-12-25 21:45:18'),
	(49, 'sint', 'Ut qui dolore cum velit voluptas. Rem impedit dolores id nisi ut enim voluptas. Nisi amet consequatur modi id dolorum eaque.', 773, 5, 15, '2019-12-25 21:45:18', '2019-12-25 21:45:18'),
	(50, 'animi', 'Quo facilis eaque ut nam. Sunt cumque corporis unde quos qui repellat. Perspiciatis molestiae minus et molestiae.', 268, 2, 14, '2019-12-25 21:45:18', '2019-12-25 21:45:18'),
	(51, 'delectus', 'A fugit fugiat aspernatur est nobis ipsa quisquam. Minima delectus at exercitationem nesciunt autem. Voluptate aut natus labore repellendus facere. Labore ut ut voluptate laboriosam et et.', 662, 7, 18, '2019-12-25 21:46:00', '2019-12-25 21:46:00'),
	(52, 'accusantium', 'Quasi officiis totam est fugit et. Quia libero perspiciatis quis omnis. Aspernatur alias odio enim accusantium iusto porro. Sint nemo molestiae ut error nemo qui in.', 228, 0, 16, '2019-12-25 21:46:00', '2019-12-25 21:46:00'),
	(53, 'accusamus', 'Enim quaerat non sed quidem odit. Autem dolores eius et qui assumenda. Est quasi unde sunt sed dignissimos fuga aut.', 461, 9, 26, '2019-12-25 21:46:00', '2019-12-25 21:46:00'),
	(54, 'unde', 'Earum quo quibusdam eos odit sed. Voluptate consequatur consequatur neque nemo. In quisquam vero ut ex.', 436, 7, 9, '2019-12-25 21:46:00', '2019-12-25 21:46:00'),
	(55, 'molestiae', 'Facere cum rerum quaerat rerum tempora porro aspernatur. Dignissimos ut sed sint omnis.', 379, 8, 11, '2019-12-25 21:46:00', '2019-12-25 21:46:00'),
	(56, 'voluptatem', 'Praesentium ut qui dolores excepturi enim id. Laboriosam totam dolorem corporis quo. Est natus cupiditate voluptas minus sapiente.', 351, 8, 18, '2019-12-25 21:46:00', '2019-12-25 21:46:00'),
	(57, 'inventore', 'Voluptatibus aut repudiandae qui consequatur. Assumenda illum natus minima neque et. Voluptatibus id beatae eligendi quo voluptas aut enim iusto. Quam tempora fugit corporis excepturi.', 379, 4, 18, '2019-12-25 21:46:00', '2019-12-25 21:46:00'),
	(58, 'enim', 'Sunt reprehenderit occaecati quis ut. Recusandae et voluptas ut eum. Fugiat quod dolorum modi consequatur. Id maxime harum eum velit.', 677, 5, 2, '2019-12-25 21:46:00', '2019-12-25 21:46:00'),
	(59, 'ullam', 'Dolor quos ut voluptatum quam rerum omnis. Sapiente aut hic perspiciatis est vel. Doloribus iure deserunt et voluptatibus praesentium eligendi. Quibusdam vero qui est qui sit.', 792, 4, 19, '2019-12-25 21:46:00', '2019-12-25 21:46:00'),
	(60, 'quia', 'Ipsum aut similique nulla fuga praesentium quas ex. Et adipisci blanditiis incidunt nihil placeat. Qui modi impedit veritatis ut incidunt et illum.', 731, 6, 9, '2019-12-25 21:46:00', '2019-12-25 21:46:00'),
	(61, 'dolores', 'Ex et voluptatem voluptatem ipsam quibusdam. In et aut eaque dolorum. Molestiae quia quaerat ut necessitatibus odio vel voluptas.', 630, 3, 15, '2019-12-25 21:46:00', '2019-12-25 21:46:00'),
	(62, 'necessitatibus', 'Odit aut est vel laboriosam omnis qui occaecati. Eos dolores aut nobis consectetur. Culpa autem eum maiores cum est.', 853, 6, 20, '2019-12-25 21:46:01', '2019-12-25 21:46:01'),
	(63, 'incidunt', 'Ut omnis odit possimus. Natus ad facere quos exercitationem fugit voluptatem rem.', 491, 8, 4, '2019-12-25 21:46:01', '2019-12-25 21:46:01'),
	(64, 'asperiores', 'Saepe voluptatum quo voluptatem saepe nisi et ut. Minima facere odit autem soluta et. Error sequi eligendi totam.', 451, 3, 19, '2019-12-25 21:46:01', '2019-12-25 21:46:01'),
	(65, 'consequatur', 'Qui ex est laboriosam voluptatem et. Voluptas deserunt rerum rerum accusantium. Voluptates necessitatibus consequatur quod hic tempore error. Qui consequatur et sapiente blanditiis.', 243, 8, 22, '2019-12-25 21:46:01', '2019-12-25 21:46:01'),
	(66, 'magni', 'Reprehenderit ut eligendi neque voluptas. Reprehenderit dignissimos non tempore reprehenderit quas qui.', 165, 9, 10, '2019-12-25 21:46:01', '2019-12-25 21:46:01'),
	(67, 'ullam', 'Eum officia accusantium tenetur rerum. Reiciendis dicta cumque quia fugit reiciendis dolor quaerat et. Velit cupiditate laudantium quas. Necessitatibus quam unde necessitatibus officiis.', 606, 9, 6, '2019-12-25 21:46:01', '2019-12-25 21:46:01'),
	(68, 'repudiandae', 'Quas et enim numquam voluptatum quidem autem et. Voluptatem natus in consequatur impedit corrupti eum. Laudantium rem quis cumque cum. Et eos iure et doloribus.', 533, 8, 9, '2019-12-25 21:46:01', '2019-12-25 21:46:01'),
	(69, 'perspiciatis', 'Qui perspiciatis dolores sed minus sint qui. Dolor aut dicta consequatur voluptatibus sit laboriosam. Illum ut molestiae dolor.', 527, 3, 13, '2019-12-25 21:46:01', '2019-12-25 21:46:01'),
	(70, 'modi', 'Porro repudiandae voluptas autem harum est. Tenetur excepturi est occaecati consectetur quisquam praesentium quasi. Eos voluptatum laudantium ipsam animi error ut expedita. Dignissimos quis fugit qui nihil. Molestiae veniam sunt officia.', 168, 5, 16, '2019-12-25 21:46:01', '2019-12-25 21:46:01'),
	(71, 'deleniti', 'Ut provident fugit quo. Laboriosam sed atque tenetur deserunt ipsa quas ipsam. Labore laudantium quia eum totam nihil.', 418, 2, 19, '2019-12-25 21:46:01', '2019-12-25 21:46:01'),
	(72, 'doloremque', 'A ut sunt praesentium aut velit sit praesentium. Ut non molestiae sit aut ad. Repellat enim quam itaque est qui et. Aut qui omnis quis ut vitae.', 907, 7, 18, '2019-12-25 21:46:01', '2019-12-25 21:46:01'),
	(73, 'deserunt', 'Alias aut repellendus velit quo. Nemo blanditiis itaque quis quo. Quibusdam repudiandae dolore qui delectus recusandae. Dolores explicabo repellendus rerum occaecati iste dolores.', 731, 5, 16, '2019-12-25 21:46:01', '2019-12-25 21:46:01'),
	(74, 'ducimus', 'Perspiciatis nihil et dolorem ad. Dolorem dignissimos incidunt fugiat rerum est. Reiciendis quam qui consectetur quo omnis consequatur tempora.', 716, 9, 13, '2019-12-25 21:46:01', '2019-12-25 21:46:01'),
	(75, 'debitis', 'Exercitationem dolores quia quis. Rerum quas reprehenderit repellat qui sint sit. Nulla est voluptates qui voluptatem enim inventore nisi. Dolorem voluptatem sit omnis harum velit libero ea sint.', 268, 8, 16, '2019-12-25 21:46:01', '2019-12-25 21:46:01'),
	(76, 'provident', 'Laudantium expedita quia et. At possimus aliquam consequatur ratione quos. Mollitia dolor alias et repellendus consequuntur ut tenetur. Consequatur molestiae fugit harum optio aliquam.', 245, 4, 28, '2019-12-25 21:46:01', '2019-12-25 21:46:01'),
	(77, 'nesciunt', 'Dicta libero sint commodi enim aut animi. Officia tenetur occaecati eaque a. Id facilis voluptatem eos architecto magni.', 644, 3, 2, '2019-12-25 21:46:01', '2019-12-25 21:46:01'),
	(78, 'nisi', 'Placeat itaque dolor aut neque qui. Et eos similique reiciendis est. Minima molestiae enim doloribus molestiae et et. Occaecati perferendis ab accusantium beatae qui.', 346, 5, 10, '2019-12-25 21:46:01', '2019-12-25 21:46:01'),
	(79, 'doloribus', 'In est et qui commodi repellat. Mollitia voluptatum unde et assumenda eius facere. Est consequatur quis nihil voluptas aut velit. Voluptas et molestiae omnis commodi consequatur alias.', 474, 2, 4, '2019-12-25 21:46:01', '2019-12-25 21:46:01'),
	(80, 'labore', 'Repellat dicta sit nobis eos quis qui. Sed hic quam et odit voluptas. Sapiente aut deserunt unde ut est aut. Ipsa hic rem aliquid consequatur.', 800, 0, 17, '2019-12-25 21:46:02', '2019-12-25 21:46:02'),
	(81, 'consequuntur', 'Rerum suscipit tenetur doloribus qui exercitationem atque. Et nam dolor doloremque laudantium. Error earum itaque dolorem non quis ipsum.', 312, 6, 30, '2019-12-25 21:46:02', '2019-12-25 21:46:02'),
	(82, 'esse', 'Quas porro ut qui impedit fugiat. Voluptatem consequatur ut qui qui. Dolorum aut aspernatur ut eveniet. Et exercitationem vel accusamus autem quia.', 483, 5, 17, '2019-12-25 21:46:02', '2019-12-25 21:46:02'),
	(83, 'dolorem', 'Qui eaque eos sed vitae saepe deleniti. Sunt et aspernatur ut labore. Non qui qui consequatur aspernatur ab. Veritatis dicta sunt cum ut explicabo tempora aut.', 585, 7, 5, '2019-12-25 21:46:02', '2019-12-25 21:46:02'),
	(84, 'doloremque', 'Ratione praesentium dolores quibusdam eaque. Atque beatae similique et voluptatem. Odio consequuntur blanditiis sit ea placeat occaecati. Voluptas autem quas quis harum consequatur. Reprehenderit soluta expedita et esse.', 365, 8, 8, '2019-12-25 21:46:02', '2019-12-25 21:46:02'),
	(85, 'vel', 'Et porro eaque voluptas et et optio. Saepe neque deleniti excepturi et optio autem. Qui perferendis tenetur autem enim. Nesciunt nisi in aut animi.', 167, 2, 8, '2019-12-25 21:46:02', '2019-12-25 21:46:02'),
	(86, 'ipsa', 'Ullam mollitia qui et ex accusamus aut odit facere. Ut non doloremque magni consequuntur voluptatem. Alias veritatis delectus veniam eius rerum nesciunt. Et quisquam non voluptate consequatur laudantium reiciendis unde.', 577, 3, 18, '2019-12-25 21:46:02', '2019-12-25 21:46:02'),
	(87, 'libero', 'Voluptate accusantium magnam neque unde qui sed voluptatem. Sit placeat non numquam. Architecto omnis mollitia exercitationem omnis sed quia. Necessitatibus corrupti nam occaecati voluptatem et sequi ut.', 686, 4, 11, '2019-12-25 21:46:02', '2019-12-25 21:46:02'),
	(88, 'autem', 'Placeat et natus voluptatum quos. Ratione accusantium qui voluptas id. Sequi voluptas animi officia sequi officia. Sit ea quis qui saepe nostrum.', 336, 1, 19, '2019-12-25 21:46:02', '2019-12-25 21:46:02'),
	(89, 'exercitationem', 'Vitae sint expedita non natus repellat sunt. Et repellat deleniti similique fugiat consequatur. Veritatis consectetur voluptatum sed veniam. Unde quae perferendis cumque est debitis voluptate.', 846, 6, 29, '2019-12-25 21:46:02', '2019-12-25 21:46:02'),
	(90, 'et', 'Est magni voluptatem excepturi fugit. Dolores corporis ullam officiis ut officiis repellat aperiam. Nobis omnis illo asperiores enim sint.', 168, 8, 11, '2019-12-25 21:46:02', '2019-12-25 21:46:02'),
	(91, 'ex', 'Harum et odio voluptatem maxime consequatur deserunt et architecto. Nobis illo quibusdam omnis. Voluptatum ea eius voluptatibus qui omnis doloribus. Quod eum animi eos dolor est distinctio iste.', 121, 7, 8, '2019-12-25 21:46:02', '2019-12-25 21:46:02'),
	(92, 'animi', 'Dolore temporibus eligendi rem blanditiis eos. Aut voluptatem distinctio sunt odit. Eius et qui quod ab.', 454, 1, 20, '2019-12-25 21:46:02', '2019-12-25 21:46:02'),
	(93, 'dolorem', 'Quasi sunt et ut voluptatibus omnis odit. Error deserunt aut officia aut quia velit et. Et harum molestiae et ut cumque.', 789, 4, 21, '2019-12-25 21:46:02', '2019-12-25 21:46:02'),
	(94, 'autem', 'Quis fugiat voluptas nobis molestiae magni omnis. Sunt accusamus quis assumenda unde qui sunt ut quibusdam. Aspernatur quod numquam aut quia.', 410, 1, 30, '2019-12-25 21:46:02', '2019-12-25 21:46:02'),
	(95, 'accusamus', 'Enim dolor ullam dolores totam et dolorum. Non et harum adipisci voluptatem. Molestiae sint voluptate commodi in reprehenderit ullam.', 621, 9, 10, '2019-12-25 21:46:02', '2019-12-25 21:46:02'),
	(96, 'sapiente', 'Quis nisi asperiores eaque consequatur harum doloribus. Laboriosam ipsum quia sequi rem non autem. Dolores earum incidunt id sit distinctio. Qui nisi in minima enim. Facilis pariatur expedita asperiores non tempora.', 931, 9, 8, '2019-12-25 21:46:02', '2019-12-25 21:46:02'),
	(97, 'quidem', 'Dolores in doloribus delectus. Quos non quasi fugiat natus architecto laudantium sit nesciunt. Omnis ratione in eaque quia quia consequuntur velit.', 108, 9, 10, '2019-12-25 21:46:02', '2019-12-25 21:46:02'),
	(98, 'eveniet', 'Ea qui non et non qui. Ullam quia et sint consequatur omnis. Laboriosam porro debitis ea odit mollitia.', 296, 4, 24, '2019-12-25 21:46:03', '2019-12-25 21:46:03'),
	(99, 'dolor', 'Voluptatibus ut ut deleniti architecto. Doloribus consequatur rerum est fugit vel. Ea id unde ullam dolores nam dolorum repellat.', 290, 4, 7, '2019-12-25 21:46:03', '2019-12-25 21:46:03'),
	(100, 'quo', 'Autem molestiae vel eaque et vel rerum. Eius et error repudiandae illo debitis officiis voluptate.', 473, 9, 21, '2019-12-25 21:46:03', '2019-12-25 21:46:03');
/*!40000 ALTER TABLE `products` ENABLE KEYS */;

-- Listage de la structure de la table apiecom. reviews
CREATE TABLE IF NOT EXISTS `reviews` (
  `id` bigint(20) unsigned NOT NULL AUTO_INCREMENT,
  `product_id` bigint(20) unsigned NOT NULL,
  `customer` varchar(255) COLLATE utf8mb4_unicode_ci NOT NULL,
  `review` text COLLATE utf8mb4_unicode_ci NOT NULL,
  `star` int(11) NOT NULL,
  `created_at` timestamp NULL DEFAULT NULL,
  `updated_at` timestamp NULL DEFAULT NULL,
  PRIMARY KEY (`id`),
  KEY `reviews_product_id_index` (`product_id`),
  CONSTRAINT `reviews_product_id_foreign` FOREIGN KEY (`product_id`) REFERENCES `products` (`id`) ON DELETE CASCADE
) ENGINE=InnoDB AUTO_INCREMENT=301 DEFAULT CHARSET=utf8mb4 COLLATE=utf8mb4_unicode_ci;

-- Listage des données de la table apiecom.reviews : ~300 rows (environ)
DELETE FROM `reviews`;
/*!40000 ALTER TABLE `reviews` DISABLE KEYS */;
INSERT INTO `reviews` (`id`, `product_id`, `customer`, `review`, `star`, `created_at`, `updated_at`) VALUES
	(1, 28, 'Leola Medhurst IV', 'Aut est aperiam possimus ratione asperiores fuga odit. Unde sit asperiores iure ipsam ut vel. Dignissimos aut rerum aliquam sit.', 0, '2019-12-25 21:46:05', '2019-12-25 21:46:05'),
	(2, 46, 'Liliana McGlynn', 'Et deserunt natus vel mollitia dolorem praesentium. Voluptatem incidunt et atque atque facere et odit. Ducimus delectus aut excepturi est. Aperiam omnis labore vero autem.', 0, '2019-12-25 21:46:05', '2019-12-25 21:46:05'),
	(3, 74, 'Carmella Schoen', 'Debitis nisi cum fugit nulla dolor possimus exercitationem. Illo amet dolor commodi accusamus est dolorem rerum ipsam. Ut rem facilis hic eos aut.', 0, '2019-12-25 21:46:05', '2019-12-25 21:46:05'),
	(4, 7, 'Kobe Braun IV', 'Aut eaque impedit sequi occaecati magnam. Possimus possimus et voluptatem et qui expedita eos corrupti. Harum perferendis veniam a occaecati blanditiis et eos. Nam deserunt delectus sed consequatur perspiciatis ducimus veniam.', 0, '2019-12-25 21:46:05', '2019-12-25 21:46:05'),
	(5, 54, 'Prof. Brown Mayert', 'Voluptatem modi odio omnis fuga sit. Dolor impedit corporis velit et tempora. Illo quam fugit error deleniti aliquam.', 1, '2019-12-25 21:46:05', '2019-12-25 21:46:05'),
	(6, 54, 'Emory Sanford', 'Commodi et velit ratione non. Exercitationem accusantium corrupti inventore illum.', 4, '2019-12-25 21:46:05', '2019-12-25 21:46:05'),
	(7, 67, 'Dr. Allen Labadie Sr.', 'Sit occaecati temporibus et doloribus. Quia minus quos vero consequatur eveniet aperiam sit. Illum animi pariatur est odio at laudantium consequatur amet. Omnis quas et sunt pariatur nam id praesentium eveniet.', 0, '2019-12-25 21:46:06', '2019-12-25 21:46:06'),
	(8, 98, 'Cicero O\'Hara', 'Odit quo vitae at non corrupti. Labore repellat facilis odit et voluptatibus quisquam quos. Est sit facere optio eum.', 1, '2019-12-25 21:46:06', '2019-12-25 21:46:06'),
	(9, 92, 'Dr. Easter Kuhic', 'Repellat temporibus inventore nulla quos iste aliquid. Minus eligendi aliquid laboriosam eligendi aut.', 0, '2019-12-25 21:46:06', '2019-12-25 21:46:06'),
	(10, 71, 'Prof. Wilfredo Spencer', 'Cum ex iure dignissimos. Velit nisi rerum sed ut similique eum. Tenetur quibusdam aut eligendi voluptatem aut.', 4, '2019-12-25 21:46:06', '2019-12-25 21:46:06'),
	(11, 82, 'Tyrese Crona', 'Voluptate consequuntur dolor aut enim molestias et dignissimos. Dolores voluptas quibusdam incidunt illum aut minima corporis magnam. Voluptatem tempora optio ipsa libero veniam. Dolorum aliquam ut similique tenetur est.', 1, '2019-12-25 21:46:06', '2019-12-25 21:46:06'),
	(12, 24, 'Isabell Boyer', 'Molestiae iusto asperiores ad aut nemo. Aliquam est aliquid quae. Ut sapiente asperiores recusandae quod nisi amet cumque quia. Quis recusandae quasi vitae dolorem.', 5, '2019-12-25 21:46:06', '2019-12-25 21:46:06'),
	(13, 96, 'Prof. Alexie O\'Connell', 'Et enim impedit dolorum et iusto. Veritatis enim dolore eum et omnis et nihil in. Dolore esse tempore facere iure eos praesentium.', 3, '2019-12-25 21:46:06', '2019-12-25 21:46:06'),
	(14, 86, 'Mrs. Wanda Sporer', 'Distinctio eum blanditiis illo ut eius. Esse consequatur id et et dolor asperiores. Ipsa numquam autem cum ullam quas esse magni.', 0, '2019-12-25 21:46:06', '2019-12-25 21:46:06'),
	(15, 99, 'Gerry Torp', 'Nesciunt excepturi architecto iste fugit harum omnis rerum. Architecto iste facere consequatur velit fugiat iste. Ipsam vel molestiae nam nisi repellat. Laborum aut nisi ut dolor velit eius.', 0, '2019-12-25 21:46:06', '2019-12-25 21:46:06'),
	(16, 16, 'Abner Predovic', 'Commodi et rem maiores excepturi commodi sed. Velit aut voluptatem et sint consequatur maxime illum. Molestiae sed nisi illum qui doloremque voluptatem eum. Aut consequatur in ut quibusdam magni velit.', 5, '2019-12-25 21:46:06', '2019-12-25 21:46:06'),
	(17, 72, 'Kevon Stehr', 'Ipsa dolores eos id maxime repudiandae dicta. Magnam nemo et deserunt. Et eaque aperiam maiores sint ipsa.', 4, '2019-12-25 21:46:06', '2019-12-25 21:46:06'),
	(18, 97, 'Maximillia Bins', 'Voluptatem impedit eos doloremque dolorum consequatur. Eligendi distinctio qui accusantium enim sapiente sed velit. Ducimus quia impedit et. Aut fugiat et sit suscipit maiores.', 0, '2019-12-25 21:46:06', '2019-12-25 21:46:06'),
	(19, 68, 'Tara Bernier', 'Occaecati aut nisi deserunt eaque labore eveniet. Fugit aliquam minima deserunt maxime. Et inventore incidunt recusandae reiciendis. Occaecati voluptas et et.', 2, '2019-12-25 21:46:06', '2019-12-25 21:46:06'),
	(20, 53, 'Noe Schultz', 'Quas dolorem quam debitis dolor. Assumenda dicta id eligendi qui rerum quas tempora. Consectetur voluptatem omnis consequuntur. Et aperiam consectetur necessitatibus et.', 5, '2019-12-25 21:46:06', '2019-12-25 21:46:06'),
	(21, 44, 'Prof. Emery DuBuque', 'Autem fuga nihil quos aliquam. Aut modi rerum quis saepe. Vitae quis qui veritatis et et.', 4, '2019-12-25 21:46:06', '2019-12-25 21:46:06'),
	(22, 67, 'Clara Kreiger', 'Nobis unde voluptatum aperiam corrupti officia consequuntur sint. Quia in suscipit modi velit magni a. Placeat at laudantium ipsa et cumque. Est similique quidem sunt id sunt pariatur non.', 0, '2019-12-25 21:46:06', '2019-12-25 21:46:06'),
	(23, 37, 'Lelia Runolfsson', 'At rem tempore eveniet. Illum harum beatae consequatur et. Et sed iusto et laborum. Cumque ut quia ut eos nam quos voluptatum.', 3, '2019-12-25 21:46:06', '2019-12-25 21:46:06'),
	(24, 3, 'Carolyn Sawayn DVM', 'Asperiores rerum aut quisquam quae maiores et. Qui vero sint est asperiores provident asperiores. Id in eligendi consequuntur ipsa. Explicabo nihil id neque velit ipsa qui deleniti.', 3, '2019-12-25 21:46:06', '2019-12-25 21:46:06'),
	(25, 54, 'Prof. Taya Blick II', 'Quia illo molestias animi perspiciatis expedita id veritatis. Voluptas sequi mollitia similique laudantium et. Sint odit qui ea quisquam sit eum nam asperiores.', 2, '2019-12-25 21:46:06', '2019-12-25 21:46:06'),
	(26, 12, 'Sofia Skiles MD', 'Ratione debitis ut sint similique deleniti. Impedit deserunt aut pariatur. Possimus velit aut libero non. Quos odit dolor itaque dolor.', 5, '2019-12-25 21:46:06', '2019-12-25 21:46:06'),
	(27, 79, 'Mr. Deshawn Leffler MD', 'Culpa explicabo mollitia a dolorem. Maiores sapiente est dignissimos delectus. Cum necessitatibus excepturi consequatur fugit facere.', 4, '2019-12-25 21:46:06', '2019-12-25 21:46:06'),
	(28, 91, 'Tatum Friesen', 'Beatae ad ut omnis recusandae inventore officiis perspiciatis fugiat. Quia porro rem at in aut. Nostrum quo pariatur deserunt ullam recusandae consequatur. Eaque autem sed molestiae qui.', 2, '2019-12-25 21:46:06', '2019-12-25 21:46:06'),
	(29, 46, 'Nannie Auer', 'Ex repudiandae porro modi porro. Commodi voluptates alias suscipit delectus facilis velit eligendi. Officia vel voluptas et est voluptatibus.', 0, '2019-12-25 21:46:07', '2019-12-25 21:46:07'),
	(30, 1, 'Syble Dare', 'Distinctio hic vel quaerat adipisci. Nesciunt fugiat quo enim alias aliquam est veritatis facere. Incidunt nihil repellat reiciendis sapiente inventore et provident.', 3, '2019-12-25 21:46:07', '2019-12-25 21:46:07'),
	(31, 18, 'Dorris Mann', 'Nisi distinctio enim sed. Dolores molestiae suscipit sapiente deleniti est. Ut tenetur recusandae autem error labore non.', 1, '2019-12-25 21:46:07', '2019-12-25 21:46:07'),
	(32, 34, 'Mr. Freddy Ritchie', 'Commodi asperiores corrupti maiores corporis exercitationem consequatur. Nostrum libero sint quia non neque occaecati aut. Voluptas ut nostrum voluptas perferendis accusantium. Sequi magni dolorum voluptatum reiciendis quam adipisci doloremque.', 0, '2019-12-25 21:46:07', '2019-12-25 21:46:07'),
	(33, 56, 'Alaina Rogahn', 'Rerum maxime repellat fugiat nemo quaerat asperiores. Ducimus aut velit aut deserunt.', 1, '2019-12-25 21:46:07', '2019-12-25 21:46:07'),
	(34, 51, 'Mrs. Valerie Lowe PhD', 'Et rerum sed autem aliquid. Ipsum perspiciatis quae repellendus alias dolorem. Praesentium voluptas fugiat deserunt omnis ullam doloribus.', 1, '2019-12-25 21:46:07', '2019-12-25 21:46:07'),
	(35, 85, 'Zackary Paucek', 'Itaque qui ex dolores minima sunt. Placeat et earum tenetur architecto consequatur quibusdam voluptatem. Deserunt sint nemo animi aperiam. Nam quibusdam quia dolores laboriosam reprehenderit nam.', 4, '2019-12-25 21:46:07', '2019-12-25 21:46:07'),
	(36, 75, 'Ms. Zora Schulist', 'Laudantium quisquam est a maxime assumenda atque consequatur. Quia doloribus modi possimus reprehenderit aspernatur. Porro perspiciatis omnis modi dicta. Modi quia aut iusto et saepe debitis.', 0, '2019-12-25 21:46:07', '2019-12-25 21:46:07'),
	(37, 1, 'Rosalinda Vandervort', 'Possimus voluptatum maiores officia libero ut iure. Dolor nam dolorem incidunt. Voluptates suscipit et ut dignissimos ullam. Ipsum id adipisci quia maiores.', 0, '2019-12-25 21:46:07', '2019-12-25 21:46:07'),
	(38, 31, 'Cole Upton', 'Fugit ea maiores nemo recusandae ullam. Sed est rerum at quod qui est est. Ipsam cum et dicta qui fugiat fugit hic odit.', 0, '2019-12-25 21:46:07', '2019-12-25 21:46:07'),
	(39, 20, 'Prof. Willy Powlowski', 'Blanditiis et labore dolore rem facilis sed tenetur. Velit blanditiis aperiam sapiente dicta neque blanditiis. Sunt voluptatum rerum consequatur est quidem.', 0, '2019-12-25 21:46:07', '2019-12-25 21:46:07'),
	(40, 17, 'Ms. Nikita Dicki V', 'Tempora doloribus enim cupiditate veritatis. Nisi voluptatum vitae ut delectus blanditiis qui. Ut est ex fuga culpa est fugit. Consequatur delectus animi tempore accusamus est rerum eligendi.', 5, '2019-12-25 21:46:07', '2019-12-25 21:46:07'),
	(41, 9, 'Elvera Wolff', 'Eos quae necessitatibus nihil tempora. Dolorem porro repellat voluptatem est sapiente voluptates non hic.', 4, '2019-12-25 21:46:07', '2019-12-25 21:46:07'),
	(42, 87, 'Daphney Russel', 'Ut consequatur eos hic aliquam odit. Commodi qui est officia numquam quod. Deserunt fuga aut beatae est eius nostrum maxime autem.', 0, '2019-12-25 21:46:07', '2019-12-25 21:46:07'),
	(43, 1, 'Clement Flatley', 'Praesentium occaecati quo ad laboriosam. Aliquam aut dicta iste consequuntur ea.', 4, '2019-12-25 21:46:07', '2019-12-25 21:46:07'),
	(44, 31, 'Dina Zieme', 'Tenetur voluptatem harum est neque. Consequuntur culpa eligendi sit ea ut ratione qui. Asperiores commodi corporis doloribus voluptatibus laborum nihil nulla recusandae.', 4, '2019-12-25 21:46:07', '2019-12-25 21:46:07'),
	(45, 48, 'Bianka Nitzsche', 'Ipsa molestiae alias et deleniti enim. Tempora consequuntur id molestias reprehenderit velit. Tenetur enim harum sit aspernatur est blanditiis vero. Deserunt dolor dolores ducimus.', 1, '2019-12-25 21:46:07', '2019-12-25 21:46:07'),
	(46, 2, 'Deron Stroman', 'Dolor hic provident enim ut dolor. Nihil dignissimos consequatur dolore dolorem nihil.', 4, '2019-12-25 21:46:07', '2019-12-25 21:46:07'),
	(47, 19, 'Flavie Skiles I', 'Neque praesentium id porro nostrum hic dolorem quia. Qui consectetur a quaerat fuga. Veritatis quae enim ea necessitatibus magnam unde. Iure cum ut ab cupiditate et. Reprehenderit iusto soluta est soluta temporibus ab magni provident.', 5, '2019-12-25 21:46:07', '2019-12-25 21:46:07'),
	(48, 1, 'Nigel Russel', 'Repellat non in unde tempora at saepe. Harum quisquam eligendi qui omnis. Quia aut alias molestiae hic enim est voluptas. Distinctio et quasi culpa et.', 3, '2019-12-25 21:46:07', '2019-12-25 21:46:07'),
	(49, 90, 'Ursula Murazik', 'Molestias tenetur quis non molestiae eum. Et accusantium laborum voluptatem eum. Ipsa quas dolores ea.', 2, '2019-12-25 21:46:08', '2019-12-25 21:46:08'),
	(50, 61, 'Madaline Braun', 'Quia quos ut aut quas. Sunt voluptas voluptas ut aut quos. Labore rem repellat aliquam voluptatem voluptate. Voluptatem quae esse repudiandae sit recusandae.', 1, '2019-12-25 21:46:08', '2019-12-25 21:46:08'),
	(51, 25, 'Troy Koelpin', 'Provident deleniti eveniet delectus repellat. Quibusdam repellendus aliquam qui vel dolorem. Incidunt a officia sunt asperiores.', 1, '2019-12-25 21:46:08', '2019-12-25 21:46:08'),
	(52, 36, 'Dr. Floy Hodkiewicz', 'Reprehenderit numquam ut aut. Cum iure est ad. Impedit enim consequatur est distinctio nostrum aliquam animi consequatur.', 0, '2019-12-25 21:46:08', '2019-12-25 21:46:08'),
	(53, 56, 'Dr. Sheldon Adams I', 'Similique assumenda nam in magni et ullam consequatur. Ut consequatur ea soluta id.', 0, '2019-12-25 21:46:08', '2019-12-25 21:46:08'),
	(54, 75, 'Dr. Dedric Walsh', 'Nihil excepturi illum fuga sed. Rerum sit ut ipsa repudiandae odit.', 5, '2019-12-25 21:46:08', '2019-12-25 21:46:08'),
	(55, 64, 'Magali Kautzer', 'Molestias beatae nesciunt quia voluptatem labore praesentium. Harum nobis dignissimos temporibus alias voluptas maiores debitis harum. Fugit quam aperiam voluptas cupiditate.', 1, '2019-12-25 21:46:08', '2019-12-25 21:46:08'),
	(56, 4, 'Laney Hagenes', 'Iure autem vel ea. Omnis aut aut aut tempore. Et autem fugit consectetur quia nemo vero et.', 5, '2019-12-25 21:46:08', '2019-12-25 21:46:08'),
	(57, 72, 'Prof. Cleo Ledner III', 'Repellat non libero nostrum. Est alias qui quis voluptate rerum tempora et. Minima autem aut accusamus autem ullam id est. Iste id eum ad enim veniam necessitatibus.', 1, '2019-12-25 21:46:08', '2019-12-25 21:46:08'),
	(58, 81, 'Miss Laurie Smitham', 'Et labore accusamus debitis eveniet ipsa doloremque deleniti. Maiores illum accusantium velit. Corporis sunt alias incidunt velit.', 3, '2019-12-25 21:46:08', '2019-12-25 21:46:08'),
	(59, 9, 'Prof. Franco McCullough DVM', 'Iste et quo perspiciatis dolor aut. Est aut in voluptatum hic. Nesciunt minima maiores eum dignissimos et corporis.', 3, '2019-12-25 21:46:08', '2019-12-25 21:46:08'),
	(60, 58, 'Reggie Bednar', 'Blanditiis quae ipsum qui velit aliquam. Et saepe occaecati quae aut. Recusandae qui officia numquam id quisquam. Laborum harum quo nostrum iste et error.', 3, '2019-12-25 21:46:09', '2019-12-25 21:46:09'),
	(61, 96, 'Eliza Rempel', 'Mollitia aut iusto natus eaque. Molestiae laboriosam fugiat dolor cupiditate ut sed voluptatum. Ut aliquid rerum et non ipsum facilis. Dolore est ut consequatur sint.', 5, '2019-12-25 21:46:09', '2019-12-25 21:46:09'),
	(62, 1, 'Russell Rempel PhD', 'Aut est at totam id non omnis. Assumenda et qui quis similique ab natus voluptatum. Facere est deleniti eos nulla nostrum tempore tempore. Enim fugit aperiam architecto voluptas.', 1, '2019-12-25 21:46:09', '2019-12-25 21:46:09'),
	(63, 73, 'Josephine Morar', 'Ratione ab est molestiae sapiente. Ab molestiae ut ea sed. In doloribus nemo occaecati maxime rem rerum. Et natus cupiditate nulla provident.', 5, '2019-12-25 21:46:09', '2019-12-25 21:46:09'),
	(64, 16, 'Prof. Mireille Anderson', 'Culpa ab ab perferendis voluptatem omnis aperiam. Aliquid et porro suscipit similique repudiandae at neque. Quam consequuntur et autem ut. Voluptatibus voluptas ullam beatae molestias temporibus.', 3, '2019-12-25 21:46:09', '2019-12-25 21:46:09'),
	(65, 91, 'Elta Stroman', 'Dolor fugit assumenda neque nam dolor. Laborum quaerat minima qui soluta voluptatem et. Ipsum eveniet qui odit quia suscipit voluptatibus.', 5, '2019-12-25 21:46:09', '2019-12-25 21:46:09'),
	(66, 100, 'Mallie Dibbert', 'Atque enim illo pariatur aut consequuntur expedita voluptatibus. Ipsum harum maxime hic illum. Delectus animi deleniti et dolorum molestiae omnis magni.', 5, '2019-12-25 21:46:09', '2019-12-25 21:46:09'),
	(67, 90, 'Prof. Waldo Klein Sr.', 'Illo et accusantium sed voluptas quis et earum. Nisi illum vel rerum placeat nostrum.', 3, '2019-12-25 21:46:09', '2019-12-25 21:46:09'),
	(68, 31, 'Caden Hansen', 'Molestias maxime non id eos. Architecto non consequatur id est. Porro recusandae repellendus quia voluptatem ex officiis fugit.', 2, '2019-12-25 21:46:09', '2019-12-25 21:46:09'),
	(69, 25, 'Elza Stanton', 'Et voluptates cum aperiam ut dolor voluptatem. Sint laborum adipisci incidunt nobis temporibus et cupiditate. Voluptatum aperiam voluptatem est iure.', 1, '2019-12-25 21:46:09', '2019-12-25 21:46:09'),
	(70, 34, 'Mrs. Shanelle Roob V', 'Amet molestiae placeat eaque eum. Maiores quia repellat illo voluptatem. Quae molestiae sed debitis eligendi ipsum totam.', 1, '2019-12-25 21:46:09', '2019-12-25 21:46:09'),
	(71, 38, 'Eugene Rowe', 'Culpa ut voluptas voluptate. Soluta earum molestias explicabo quaerat commodi nobis id. Qui esse quam repudiandae cumque vero est sed. Provident et velit est culpa officia aut doloremque.', 2, '2019-12-25 21:46:09', '2019-12-25 21:46:09'),
	(72, 80, 'Ms. Shana Lindgren', 'Omnis non omnis velit facere alias sed qui. Perferendis facilis mollitia et accusamus perspiciatis eligendi natus. Et ipsa error itaque error nesciunt nostrum eveniet aut.', 2, '2019-12-25 21:46:09', '2019-12-25 21:46:09'),
	(73, 73, 'Susana D\'Amore', 'Fugit recusandae sint nemo doloremque aut assumenda nihil quaerat. Eum ab sed non commodi. Sed ut voluptatibus odio nihil vel et deleniti.', 0, '2019-12-25 21:46:09', '2019-12-25 21:46:09'),
	(74, 85, 'Pinkie Daniel', 'Facere provident ipsum soluta voluptatem asperiores quae. Ullam earum dignissimos cum quia. Distinctio dolorum omnis qui possimus officiis adipisci est maiores. Autem totam est laboriosam eius.', 0, '2019-12-25 21:46:09', '2019-12-25 21:46:09'),
	(75, 19, 'Mr. Amari Dicki I', 'Ex corrupti repellendus cum quia rerum quis. Impedit qui est vel soluta tempore perspiciatis. Quod dolorum exercitationem quidem ut sint.', 2, '2019-12-25 21:46:09', '2019-12-25 21:46:09'),
	(76, 32, 'Karelle Windler', 'Ea ea non deserunt reiciendis saepe. Atque et sint quos.', 5, '2019-12-25 21:46:09', '2019-12-25 21:46:09'),
	(77, 37, 'Amos Dibbert', 'Officiis corporis repellat id doloribus placeat perspiciatis dolor nihil. Quae facere maxime aut error dolorum incidunt. Illum laboriosam quis fugiat doloremque. Earum nesciunt qui placeat atque ut.', 0, '2019-12-25 21:46:09', '2019-12-25 21:46:09'),
	(78, 2, 'Mrs. Juliet Hessel II', 'Vitae et dolores quam. Id sed commodi saepe enim laudantium doloribus.', 2, '2019-12-25 21:46:10', '2019-12-25 21:46:10'),
	(79, 96, 'Clovis Moore', 'In aliquid corporis ipsam vero qui eligendi. Voluptatum accusantium voluptatibus voluptatem quam animi sapiente similique sed. Consequatur deleniti eos accusantium provident laboriosam quis. Eius ut et facilis itaque. Sed quia quae iusto libero.', 2, '2019-12-25 21:46:10', '2019-12-25 21:46:10'),
	(80, 70, 'Jayne Hodkiewicz', 'Ut ullam ipsum ab quisquam. Eos fuga ipsum ea libero voluptas omnis. Sint alias soluta hic quasi. Non exercitationem et id. Rerum aspernatur nesciunt commodi et reiciendis autem.', 5, '2019-12-25 21:46:10', '2019-12-25 21:46:10'),
	(81, 33, 'Mrs. Veronica Legros MD', 'Sint ut animi occaecati numquam ut. Quia totam et totam blanditiis delectus a. Natus est et ipsam qui laborum officiis ullam. Voluptas aperiam magni et tempora est rem. Impedit mollitia repellendus eligendi nam hic sapiente et.', 0, '2019-12-25 21:46:10', '2019-12-25 21:46:10'),
	(82, 54, 'Audrey McKenzie DDS', 'Tempora ipsam voluptatem reiciendis eos. Asperiores consequuntur et labore similique nesciunt. Porro voluptas inventore quod in.', 4, '2019-12-25 21:46:10', '2019-12-25 21:46:10'),
	(83, 90, 'Chaya Zboncak', 'Fugiat voluptatum consectetur laboriosam voluptas velit. Quia adipisci est quis autem. Ut nostrum dolore minima voluptate officia numquam. Non dolores qui eligendi nesciunt. Ut voluptate aut porro.', 2, '2019-12-25 21:46:10', '2019-12-25 21:46:10'),
	(84, 89, 'Mr. Madisen Daniel', 'Quo quia voluptas nemo tempora. Sequi non illo voluptate sunt consequatur accusamus. Temporibus doloremque porro ex doloremque doloribus aut aperiam. Nesciunt delectus at ut dignissimos voluptatum vero. Tempora exercitationem et totam placeat.', 3, '2019-12-25 21:46:10', '2019-12-25 21:46:10'),
	(85, 34, 'Dr. Mia Hickle II', 'Et beatae molestias autem minus perspiciatis. Inventore error et error optio quia. Aut officia nisi expedita et cum.', 1, '2019-12-25 21:46:10', '2019-12-25 21:46:10'),
	(86, 18, 'Antonetta Kulas', 'Quibusdam ipsa eaque hic nihil est voluptatem ut. Officia ut aliquam voluptatem est. Ipsam molestias impedit rerum quas voluptatibus. Beatae molestiae architecto et non ullam dolor ut voluptatem.', 1, '2019-12-25 21:46:10', '2019-12-25 21:46:10'),
	(87, 96, 'Cecil Waelchi V', 'Et voluptatem ut velit enim. Suscipit optio laudantium assumenda expedita unde.', 0, '2019-12-25 21:46:10', '2019-12-25 21:46:10'),
	(88, 56, 'Tremayne Windler PhD', 'Eos veritatis itaque cum. Non harum et iusto dolorem libero. Optio modi hic maiores aut harum libero enim. Sapiente fuga dolor molestiae perspiciatis molestias et quidem autem.', 2, '2019-12-25 21:46:10', '2019-12-25 21:46:10'),
	(89, 70, 'Adaline Ullrich DVM', 'Aliquam rerum aliquam est dolor quas. Voluptates est occaecati a pariatur quos. Eos ut iusto quis culpa molestiae omnis libero corporis. Et et et quo. Provident aperiam itaque magni quae voluptatum.', 1, '2019-12-25 21:46:10', '2019-12-25 21:46:10'),
	(90, 2, 'Brittany Mills', 'In cum fugit placeat quia et sit. Autem amet et sed. Dolorem temporibus sed qui aut laudantium autem.', 3, '2019-12-25 21:46:10', '2019-12-25 21:46:10'),
	(91, 35, 'Katlyn Williamson Jr.', 'Ut molestiae exercitationem dolores dolor sunt eveniet earum. Assumenda excepturi doloremque voluptate et. Odit asperiores minus quos porro reiciendis modi ad. Omnis quasi sit sint minus culpa blanditiis.', 3, '2019-12-25 21:46:10', '2019-12-25 21:46:10'),
	(92, 33, 'Dr. Eldon Schamberger PhD', 'Minima voluptas dolor explicabo magnam error accusamus. Quis repudiandae pariatur rerum eaque debitis enim sit dolorum. Sint cumque dolorem reprehenderit dignissimos et.', 4, '2019-12-25 21:46:10', '2019-12-25 21:46:10'),
	(93, 68, 'Jaren Quigley', 'Sint aliquid blanditiis eum qui et aut molestiae. Illum perspiciatis repudiandae et eligendi consequatur aut. Labore minus ut molestiae est ea rerum. Voluptate sunt sit expedita ad deserunt et. Sapiente velit animi voluptas rem odit excepturi.', 2, '2019-12-25 21:46:10', '2019-12-25 21:46:10'),
	(94, 35, 'Penelope Carroll', 'Porro quo quam tempora vero voluptate ipsam. Et hic at quo sunt animi eaque. Veniam corrupti qui sunt. Eos cupiditate accusamus et.', 1, '2019-12-25 21:46:10', '2019-12-25 21:46:10'),
	(95, 17, 'Prof. Rafaela Bode DVM', 'Debitis aut ducimus et non ut. Est deserunt ut aut vel recusandae error ex. Debitis sapiente dolorem iste sunt odit cumque asperiores.', 2, '2019-12-25 21:46:10', '2019-12-25 21:46:10'),
	(96, 72, 'Oma McClure', 'Eos eius et sint veniam. Nulla rerum dolorum iure quae. Veniam eum qui est fugit quam esse.', 2, '2019-12-25 21:46:10', '2019-12-25 21:46:10'),
	(97, 96, 'Blanca Jacobi', 'Voluptatum reiciendis voluptas voluptatem beatae sed et velit. Autem dolorum vero ex quidem. Voluptatem voluptatem omnis expedita accusamus ut.', 4, '2019-12-25 21:46:11', '2019-12-25 21:46:11'),
	(98, 1, 'Bernhard Keeling', 'Quasi saepe voluptatem ut neque ut tempora culpa temporibus. Aut consequatur eum sed pariatur.', 0, '2019-12-25 21:46:11', '2019-12-25 21:46:11'),
	(99, 78, 'Linwood Hills', 'Aut numquam rem vero in maiores mollitia. Est est delectus et temporibus quis rerum. Nam veritatis ut eos ut sequi blanditiis et.', 2, '2019-12-25 21:46:11', '2019-12-25 21:46:11'),
	(100, 62, 'Prof. Ethan Torphy', 'Itaque neque ipsa autem. Sed soluta asperiores harum impedit quis temporibus.', 4, '2019-12-25 21:46:11', '2019-12-25 21:46:11'),
	(101, 36, 'Verner Leffler', 'Quidem laborum est dolor tempora. Dignissimos vel nisi iste rerum expedita.', 1, '2019-12-25 21:46:11', '2019-12-25 21:46:11'),
	(102, 31, 'Ms. Bernice Ernser DDS', 'Molestiae voluptatem eius minus qui et non. Nesciunt cumque voluptate placeat non possimus iure quis. Quo ex qui dolor voluptatem ratione officia.', 2, '2019-12-25 21:46:11', '2019-12-25 21:46:11'),
	(103, 7, 'Dr. Ellis Wilderman', 'Sit odio quia assumenda ab exercitationem. Laborum quas cumque placeat amet. Sit distinctio earum voluptate velit modi. Aut molestiae et qui commodi alias dolorem. Quia natus quis similique harum nulla.', 5, '2019-12-25 21:46:11', '2019-12-25 21:46:11'),
	(104, 56, 'Johan Jacobi', 'Mollitia ut in tenetur ut nemo incidunt sed. Qui et necessitatibus mollitia nihil architecto. Velit et ut consequuntur sed. Ut quo molestiae est ad perferendis provident quo.', 3, '2019-12-25 21:46:11', '2019-12-25 21:46:11'),
	(105, 83, 'Edythe Okuneva', 'Adipisci quo atque aut aut unde laudantium consequatur molestiae. Fugiat ducimus nihil illo alias eum error quas. Consequuntur libero aut quisquam sed omnis voluptatem. Velit consequuntur deserunt et occaecati et.', 0, '2019-12-25 21:46:11', '2019-12-25 21:46:11'),
	(106, 36, 'Andreane Kuhn II', 'Maxime rerum occaecati modi ut atque ut. Blanditiis asperiores dolorum praesentium aut. Quidem laboriosam vitae aut ut blanditiis ut.', 4, '2019-12-25 21:46:11', '2019-12-25 21:46:11'),
	(107, 47, 'Eileen Kuphal', 'Omnis minus ducimus iure molestiae possimus sequi. Facilis eveniet quaerat quia odio ad enim. Autem illum reiciendis accusamus fugit. Et et sed esse deserunt.', 1, '2019-12-25 21:46:11', '2019-12-25 21:46:11'),
	(108, 99, 'Dr. Dagmar Hudson I', 'Enim illo sit aut nisi error est quis. Voluptas beatae earum exercitationem cumque et nemo quaerat. A rerum unde ipsa vitae dolore. Consequatur sed expedita quibusdam maxime nam facilis et molestias. Doloribus culpa vero laboriosam fugit ut corporis.', 2, '2019-12-25 21:46:11', '2019-12-25 21:46:11'),
	(109, 74, 'Bette Bashirian', 'Qui consequatur facere expedita dolor possimus harum. Voluptatum numquam ullam harum autem saepe placeat.', 3, '2019-12-25 21:46:11', '2019-12-25 21:46:11'),
	(110, 31, 'Alycia Schimmel', 'Optio doloribus in hic voluptatem vero sunt natus vel. Aliquam nobis atque cum sint repellendus molestias. Quae voluptas nemo perferendis qui. Reprehenderit eligendi quae explicabo aut repellat.', 3, '2019-12-25 21:46:11', '2019-12-25 21:46:11'),
	(111, 90, 'Dr. Arnaldo Wiegand', 'Temporibus aut quia et tempora quo facere. Aut qui qui autem quam tempore dolor. Nobis asperiores sit impedit aliquam rerum laboriosam. Omnis fugiat quaerat accusantium iure iure.', 4, '2019-12-25 21:46:11', '2019-12-25 21:46:11'),
	(112, 32, 'Jay Doyle', 'Velit placeat non quae ut quo non. Maiores quis temporibus necessitatibus unde. Animi non sed repellat aut. Accusamus iure sequi porro aut hic.', 2, '2019-12-25 21:46:11', '2019-12-25 21:46:11'),
	(113, 89, 'Alfreda Koelpin', 'Voluptatibus et eum mollitia non sapiente. Omnis non tenetur error et et ad. Aliquid optio nobis id. Commodi corporis autem non placeat aut.', 0, '2019-12-25 21:46:11', '2019-12-25 21:46:11'),
	(114, 39, 'Micaela Cronin', 'Qui error est mollitia voluptatem suscipit provident. Beatae voluptatem sequi veritatis aut eum consequatur. Deserunt voluptas et aut et. Hic nam ab iusto illum provident.', 3, '2019-12-25 21:46:11', '2019-12-25 21:46:11'),
	(115, 3, 'Martin Heidenreich', 'Asperiores commodi assumenda sapiente fuga qui esse tempora. Hic molestiae facere doloribus praesentium esse. Assumenda doloribus nobis atque hic. Hic harum possimus enim cupiditate et neque.', 2, '2019-12-25 21:46:11', '2019-12-25 21:46:11'),
	(116, 80, 'Belle O\'Hara', 'Alias iusto impedit vitae adipisci rerum est. Sint vel dolorem distinctio in consectetur amet tempore. Facere ratione sed officiis esse velit.', 5, '2019-12-25 21:46:12', '2019-12-25 21:46:12'),
	(117, 85, 'Judge Casper', 'Quaerat accusamus libero nihil modi molestiae non est. Porro velit sint perferendis aspernatur. Voluptatem laborum quisquam dolorem ad omnis.', 3, '2019-12-25 21:46:12', '2019-12-25 21:46:12'),
	(118, 15, 'Franco Terry', 'Ea ut corporis et quo officiis. Possimus est possimus qui earum quia iste sunt molestiae. Vel sint qui vel. Illo velit ipsum eos qui perspiciatis.', 1, '2019-12-25 21:46:12', '2019-12-25 21:46:12'),
	(119, 70, 'Gerardo Pacocha IV', 'Molestiae neque ex qui incidunt eum ducimus nemo. Est libero doloremque neque ratione quo voluptates. Occaecati quia officiis maxime architecto optio illo. Voluptatum omnis blanditiis facilis qui facere.', 1, '2019-12-25 21:46:12', '2019-12-25 21:46:12'),
	(120, 34, 'Antonio Gorczany', 'Vero et voluptas facilis quia dignissimos. Vel suscipit occaecati voluptas repellendus assumenda. Voluptate ut maxime ut soluta aut dicta ut inventore.', 5, '2019-12-25 21:46:12', '2019-12-25 21:46:12'),
	(121, 5, 'Lorenza Ledner', 'Provident asperiores at quae nostrum error et quia ducimus. Atque nihil molestias qui qui. Tempora et rerum quam et.', 3, '2019-12-25 21:46:12', '2019-12-25 21:46:12'),
	(122, 66, 'Mrs. Aniyah Rogahn III', 'Consequatur est sit labore voluptate eum minima possimus. Optio deserunt reiciendis non alias quis. Quia itaque qui libero saepe facilis. Reprehenderit repellendus beatae voluptas nihil et qui aperiam molestiae.', 4, '2019-12-25 21:46:12', '2019-12-25 21:46:12'),
	(123, 54, 'Lina Wiegand', 'Aliquid minima quia nam id voluptatem. Assumenda esse et nemo. Assumenda nihil id perspiciatis. Et est et pariatur et mollitia. Maxime minima quisquam est asperiores deserunt cupiditate recusandae.', 4, '2019-12-25 21:46:12', '2019-12-25 21:46:12'),
	(124, 57, 'Dr. Lamont Hermann', 'Pariatur nihil aliquam perferendis aut sunt consequatur. Rem blanditiis harum commodi sed. Possimus ut provident tempora iste aut minima. Repudiandae asperiores cupiditate culpa iusto reprehenderit quod dolorem.', 1, '2019-12-25 21:46:12', '2019-12-25 21:46:12'),
	(125, 17, 'Destiney Nolan', 'Voluptates non distinctio veritatis iure. Deleniti laboriosam molestiae et rerum incidunt ipsa harum.', 4, '2019-12-25 21:46:12', '2019-12-25 21:46:12'),
	(126, 78, 'Amelie Mante', 'Impedit sit non distinctio ut. Quos facere qui doloremque quo itaque blanditiis quos. Assumenda numquam rerum quod qui.', 2, '2019-12-25 21:46:12', '2019-12-25 21:46:12'),
	(127, 35, 'Charity Kozey', 'Minima quae adipisci sed. Dolorem molestiae aperiam sapiente id eaque et voluptas. Qui est repellat recusandae aut. Repellendus ipsa quod mollitia quo.', 4, '2019-12-25 21:46:12', '2019-12-25 21:46:12'),
	(128, 88, 'Mr. Jaylon Collins Sr.', 'Voluptatem cum quod esse similique. Culpa magnam consequatur repellendus et. Sunt voluptatem explicabo optio doloremque. Quo ex unde eos consequatur neque asperiores.', 2, '2019-12-25 21:46:12', '2019-12-25 21:46:12'),
	(129, 93, 'Ephraim Keebler', 'Velit repellat aut eum voluptatem non in quo assumenda. Aut facilis ullam voluptas nihil optio. Autem quo nihil dolores nisi rerum vel sed quo. Et aut nesciunt id a dolore praesentium doloribus odio.', 3, '2019-12-25 21:46:12', '2019-12-25 21:46:12'),
	(130, 21, 'Marisol Gleason III', 'Quas et totam eligendi eaque laudantium necessitatibus repellat. Omnis sit ut molestias doloremque. Sapiente in quos et repellat quaerat corrupti quaerat.', 0, '2019-12-25 21:46:12', '2019-12-25 21:46:12'),
	(131, 69, 'Genevieve Hessel', 'Voluptatibus voluptas quaerat odio occaecati. Quia qui natus fugiat error.', 3, '2019-12-25 21:46:12', '2019-12-25 21:46:12'),
	(132, 8, 'Dr. Zoe Spencer', 'Molestiae commodi consequatur et amet. Rerum et ut vitae nulla explicabo. Et veritatis voluptas nesciunt adipisci quia optio.', 0, '2019-12-25 21:46:13', '2019-12-25 21:46:13'),
	(133, 91, 'Eloy Kling IV', 'Perspiciatis repellat quod voluptates culpa omnis consequatur officia quis. Qui ipsum consequatur atque. Rerum sed aut voluptatibus animi nostrum iste velit.', 1, '2019-12-25 21:46:13', '2019-12-25 21:46:13'),
	(134, 9, 'Ms. Everette Kreiger MD', 'Odit nam necessitatibus non eum qui quod. Maxime repellendus nihil dolorem quibusdam consequatur qui. Unde vero atque debitis earum molestiae doloremque perspiciatis magnam. Ea velit consequatur unde.', 4, '2019-12-25 21:46:13', '2019-12-25 21:46:13'),
	(135, 59, 'Mr. Reed Grady', 'Voluptas ad ea molestiae est nisi est dolore. Voluptatem et recusandae ad est. Occaecati dolorum voluptatem nulla saepe distinctio laudantium magnam. Optio quae ut sed eos placeat necessitatibus eius aliquam. Dolor consectetur nam qui vel minus.', 5, '2019-12-25 21:46:13', '2019-12-25 21:46:13'),
	(136, 7, 'Cecile Sanford DVM', 'Aut ipsa consequatur non qui. Quis sed sit non dolorum. Optio numquam sunt ea debitis nostrum. Dolor reiciendis magnam minus omnis nisi esse.', 4, '2019-12-25 21:46:13', '2019-12-25 21:46:13'),
	(137, 86, 'Chelsey McKenzie II', 'Quaerat deserunt nisi ullam consequatur ducimus consequatur. Nam aut eos dolores sed optio voluptatibus sit minus. Iure nihil ipsa quae quia suscipit consequatur pariatur dolore.', 5, '2019-12-25 21:46:13', '2019-12-25 21:46:13'),
	(138, 10, 'Tyrique Greenfelder', 'Qui minima molestiae reprehenderit pariatur optio tempore. Soluta libero mollitia aliquam tempora eum officia. Nisi velit dolor quas. Ea consectetur dolore aut error.', 0, '2019-12-25 21:46:13', '2019-12-25 21:46:13'),
	(139, 42, 'Margaret Wiza', 'Quia delectus modi itaque voluptatem. Dicta sapiente maiores nobis cum. Soluta ut velit pariatur culpa vel.', 5, '2019-12-25 21:46:13', '2019-12-25 21:46:13'),
	(140, 98, 'Oran Dare', 'Dignissimos incidunt accusamus vel. Ea quos ut accusamus nemo qui fuga. Id inventore illo reprehenderit non corporis ratione accusamus. Ullam nostrum vel veritatis nulla sint quisquam excepturi. Aut et fuga ut natus eum omnis.', 4, '2019-12-25 21:46:13', '2019-12-25 21:46:13'),
	(141, 88, 'Mrs. Zoey Heaney V', 'Totam error commodi cupiditate. Voluptas nemo quidem qui voluptates et optio. Et enim ut voluptas rerum repudiandae voluptatem sint.', 4, '2019-12-25 21:46:13', '2019-12-25 21:46:13'),
	(142, 84, 'Lora Cruickshank', 'Dolorum dicta vel fugit eveniet commodi. Unde quo molestias dolor animi.', 3, '2019-12-25 21:46:13', '2019-12-25 21:46:13'),
	(143, 33, 'Mekhi Schuppe', 'Minima officia nemo iusto optio. Rerum ad fugit dolorum ab incidunt. Pariatur repellat officia incidunt explicabo. Nihil totam modi iure nihil soluta.', 3, '2019-12-25 21:46:13', '2019-12-25 21:46:13'),
	(144, 99, 'Miss Liana Frami Jr.', 'Sit dolorem quidem qui doloremque iste id debitis. Sit dicta est ullam occaecati unde cupiditate. Velit tempore exercitationem natus suscipit sequi. Odio excepturi voluptatibus atque voluptatem ad nihil ratione.', 2, '2019-12-25 21:46:13', '2019-12-25 21:46:13'),
	(145, 11, 'Ms. Keely Schuppe', 'Distinctio est eum culpa et sed. Delectus a enim temporibus qui. Fugit velit placeat laboriosam rerum.', 3, '2019-12-25 21:46:13', '2019-12-25 21:46:13'),
	(146, 95, 'Mr. Emery Breitenberg DVM', 'Qui dolor fugit deserunt sit vel minima inventore. Sunt ea repudiandae quaerat non quia nesciunt dolor. Vero nostrum velit aut quasi numquam ipsam eum.', 3, '2019-12-25 21:46:13', '2019-12-25 21:46:13'),
	(147, 64, 'Dr. Keira Lesch', 'Et consequatur inventore doloremque consectetur expedita ea. Voluptates omnis eos praesentium fuga aut dignissimos porro voluptatum. Molestiae aliquid quas cum consequatur. Molestias voluptas totam voluptates inventore quo perspiciatis possimus.', 2, '2019-12-25 21:46:13', '2019-12-25 21:46:13'),
	(148, 81, 'Mr. Adonis Miller', 'Omnis soluta nemo non eaque quia voluptates laudantium omnis. Atque cum reiciendis illo. Sunt et perferendis ut. Est aut molestias laudantium ex. Illum aut ab doloribus corporis commodi.', 5, '2019-12-25 21:46:13', '2019-12-25 21:46:13'),
	(149, 62, 'Brian Satterfield', 'Maiores ut nihil laudantium totam. Dolore ut asperiores molestiae in. Unde aut soluta quo quo enim modi. Quod officia corporis ex.', 4, '2019-12-25 21:46:13', '2019-12-25 21:46:13'),
	(150, 75, 'Dr. Bianka Fahey', 'Ea voluptates ut molestiae eveniet et quam aspernatur et. Veniam laboriosam laboriosam enim et temporibus enim qui. Incidunt maxime error sapiente. Dolor voluptas quia rerum mollitia error similique.', 1, '2019-12-25 21:46:13', '2019-12-25 21:46:13'),
	(151, 60, 'Miss Whitney Bahringer Sr.', 'Et ipsam dolorem temporibus inventore. Sit ea est qui tempora sed repellendus distinctio. Dolores consequatur sequi fugit illum delectus. Et tempore qui labore quod.', 3, '2019-12-25 21:46:13', '2019-12-25 21:46:13'),
	(152, 27, 'Edmund Bashirian', 'Dolores rerum magni amet numquam. Repellendus ullam quas aut nulla. Et dolorem quis dolores earum pariatur nihil sit.', 4, '2019-12-25 21:46:13', '2019-12-25 21:46:13'),
	(153, 87, 'Dr. Delfina Gleichner', 'Vel ipsam ducimus quaerat excepturi laborum earum cum. Modi sed explicabo praesentium saepe quod.', 4, '2019-12-25 21:46:14', '2019-12-25 21:46:14'),
	(154, 88, 'Dr. Jack Gerhold DDS', 'Vel porro aut labore fugit illo ratione nisi. Est et quia vitae sequi. Quidem illum odit sapiente voluptas ut error illo. Fugit odit sit optio nemo ut voluptas nihil fugit.', 5, '2019-12-25 21:46:14', '2019-12-25 21:46:14'),
	(155, 89, 'Prof. Christ Brown II', 'Perferendis cumque ut magnam provident ducimus voluptatibus unde. Veniam sed temporibus in vitae fugit voluptatem. Illo culpa expedita ducimus provident est odio fuga. Iusto est nostrum qui eum eveniet quaerat.', 3, '2019-12-25 21:46:14', '2019-12-25 21:46:14'),
	(156, 54, 'Wayne Konopelski', 'Voluptas nesciunt omnis odit qui quo fugit. Sed saepe voluptas quia maiores laboriosam et. Minima sunt in et molestias aut aspernatur ut.', 5, '2019-12-25 21:46:14', '2019-12-25 21:46:14'),
	(157, 55, 'Oscar McDermott', 'Ipsam molestias iure numquam et et in occaecati. Nesciunt distinctio vero nisi alias. Illo voluptas iste possimus rerum. Debitis voluptatem quia voluptas sed corrupti.', 4, '2019-12-25 21:46:14', '2019-12-25 21:46:14'),
	(158, 82, 'Nova Swaniawski', 'Eum hic laborum dignissimos voluptatem ut. Perferendis molestias eaque sint deleniti et laborum delectus necessitatibus. Voluptatem qui ut nihil suscipit adipisci fugit. Sequi quia sapiente quibusdam porro.', 1, '2019-12-25 21:46:14', '2019-12-25 21:46:14'),
	(159, 27, 'Melvin Feest', 'Nihil nihil culpa sint in natus dolorem minus. Laudantium sit assumenda blanditiis molestiae est quis quibusdam. Qui facere modi veritatis cumque nulla. Omnis quia dolores reiciendis non.', 3, '2019-12-25 21:46:14', '2019-12-25 21:46:14'),
	(160, 48, 'Pietro Gulgowski', 'Delectus omnis id eius voluptas. Est qui sequi molestiae autem esse. Sit dolore quaerat quasi ut.', 3, '2019-12-25 21:46:14', '2019-12-25 21:46:14'),
	(161, 49, 'Daniella Jerde DDS', 'Numquam earum eos quod nam. Provident dignissimos sequi sit ullam aperiam. Sunt enim aut sit a.', 2, '2019-12-25 21:46:14', '2019-12-25 21:46:14'),
	(162, 88, 'Valerie Fay DDS', 'Omnis pariatur pariatur accusantium laudantium. Ut voluptatem ex accusamus non. Sint voluptas et perspiciatis necessitatibus facere.', 2, '2019-12-25 21:46:14', '2019-12-25 21:46:14'),
	(163, 48, 'Maryam Lind PhD', 'Velit soluta possimus cum sed doloremque aperiam labore optio. Id aliquam commodi quas eum voluptas. Quasi suscipit velit asperiores fuga. Placeat et sed amet ab non quia molestias.', 5, '2019-12-25 21:46:14', '2019-12-25 21:46:14'),
	(164, 12, 'Kole Jakubowski', 'Ea blanditiis illo in architecto. Harum nihil at minima et tempora. Commodi quia qui recusandae.', 0, '2019-12-25 21:46:14', '2019-12-25 21:46:14'),
	(165, 81, 'Marian Conn', 'Pariatur rem et dolore qui dolores qui voluptatem nulla. Iusto nihil id dolorem dolor reiciendis ex similique. Molestiae repellat asperiores voluptas magnam nostrum ut. Omnis vel reprehenderit provident qui.', 5, '2019-12-25 21:46:14', '2019-12-25 21:46:14'),
	(166, 10, 'Nettie Hodkiewicz', 'Eaque voluptatem quam esse quaerat error sequi nesciunt. Vel sit voluptates in.', 0, '2019-12-25 21:46:14', '2019-12-25 21:46:14'),
	(167, 30, 'Raphael Effertz', 'Impedit tempore quod tempore tempora quia soluta et. Officiis cupiditate accusantium veniam qui qui quo sed. Quod et placeat omnis itaque. Et omnis consequuntur autem nobis.', 2, '2019-12-25 21:46:14', '2019-12-25 21:46:14'),
	(168, 41, 'Rosemarie Kilback', 'Possimus laboriosam exercitationem est ut. Est eligendi maxime molestias rerum error labore minus ut. Voluptas velit ipsum dolorem itaque aut consequatur occaecati unde. Qui rerum molestiae vero.', 1, '2019-12-25 21:46:14', '2019-12-25 21:46:14'),
	(169, 31, 'Rachel Kozey', 'Commodi magni maxime aut sint. At voluptate pariatur fugiat fugiat consectetur occaecati facere. Commodi labore enim sed atque atque est. Necessitatibus voluptatem dolores sit.', 2, '2019-12-25 21:46:14', '2019-12-25 21:46:14'),
	(170, 33, 'Francesca West DDS', 'In beatae quidem quia commodi ut. Inventore perferendis dicta mollitia laborum odit. Quas impedit dolorum quasi dolorem. Tempore autem consequuntur aut magni voluptatem voluptatem.', 1, '2019-12-25 21:46:14', '2019-12-25 21:46:14'),
	(171, 38, 'Toby Schimmel', 'Deserunt debitis nam qui iste atque. Assumenda laboriosam itaque autem iusto quo. Ab nihil corrupti est. Voluptas debitis sint ab explicabo maiores in et dignissimos.', 0, '2019-12-25 21:46:15', '2019-12-25 21:46:15'),
	(172, 38, 'Monique Farrell', 'Qui commodi incidunt placeat et quod reiciendis id. Blanditiis culpa aut nesciunt vel laboriosam non sit. Omnis et perspiciatis quia ea eveniet nihil. Excepturi in at sapiente quaerat et sed inventore.', 3, '2019-12-25 21:46:15', '2019-12-25 21:46:15'),
	(173, 74, 'Mrs. Mercedes Lebsack IV', 'Laborum nulla corrupti quia iste magni sit. Nemo et optio consequatur ex eum. Sit est atque voluptatem. Quia a animi et occaecati ea asperiores voluptatum. Tempore porro nobis sed sunt qui perferendis expedita.', 2, '2019-12-25 21:46:15', '2019-12-25 21:46:15'),
	(174, 36, 'Porter Lehner DVM', 'Nam quod dolorum voluptas molestias minus. In voluptas ut sit eos. Et aut quo qui est est. Tempore molestiae velit repellat expedita nemo ullam.', 2, '2019-12-25 21:46:15', '2019-12-25 21:46:15'),
	(175, 9, 'Ulices Hermann II', 'Fugiat enim asperiores tempore quam sit. Officiis voluptatibus accusamus dolorem qui sint laudantium aut porro. Expedita officia vel aut natus maxime aut. In maiores dolor necessitatibus omnis.', 5, '2019-12-25 21:46:15', '2019-12-25 21:46:15'),
	(176, 98, 'Velva Farrell', 'Suscipit eligendi veritatis a ea cupiditate aliquam. Laboriosam ipsa aut tempora laboriosam molestias ullam perspiciatis. Et adipisci reiciendis voluptatem velit voluptas eum ipsum.', 2, '2019-12-25 21:46:15', '2019-12-25 21:46:15'),
	(177, 89, 'Mr. Lula Jacobs', 'Facilis soluta quo aut iure iste blanditiis. Est neque nobis eius adipisci quasi. Odio eos in consequatur dolor rem aperiam. Ut distinctio sint id id aut harum sed sint.', 5, '2019-12-25 21:46:15', '2019-12-25 21:46:15'),
	(178, 51, 'Isom Jenkins I', 'Odio eius id corrupti aut. Modi nulla doloremque et vel delectus reiciendis. Adipisci iste dolore adipisci unde laborum consequatur consequatur. Recusandae quaerat eum velit totam dolores qui aperiam. Reiciendis aperiam et temporibus odio illo nisi.', 4, '2019-12-25 21:46:15', '2019-12-25 21:46:15'),
	(179, 50, 'Autumn Ernser PhD', 'Et accusantium est voluptatem quo quis doloribus. Et quo explicabo quibusdam quo. Delectus cum temporibus quod aut dolorem voluptatibus.', 2, '2019-12-25 21:46:15', '2019-12-25 21:46:15'),
	(180, 28, 'Dolly Littel', 'Sunt velit optio nesciunt voluptatum cumque alias. Nisi eum qui esse illo fuga et. Rerum error quibusdam amet animi aut quod dolorem. In facere laborum dolores earum animi vero.', 3, '2019-12-25 21:46:15', '2019-12-25 21:46:15'),
	(181, 83, 'Ms. Angelica Stehr', 'Tenetur praesentium cumque nulla veniam suscipit debitis eum repudiandae. Consequuntur quas est omnis perferendis repellendus veritatis consequuntur. Fugiat fugit nam minus id quam suscipit. Nihil eos numquam ex aut culpa fugit.', 2, '2019-12-25 21:46:15', '2019-12-25 21:46:15'),
	(182, 17, 'Lia West', 'Eligendi ut nihil nostrum quae optio. In quo tenetur distinctio eos officia numquam. Excepturi in numquam aperiam quia et.', 2, '2019-12-25 21:46:15', '2019-12-25 21:46:15'),
	(183, 57, 'Dr. Keshaun Gleason', 'Velit dolores consectetur sint. Impedit rerum et dolore ut. Ea molestiae quo qui qui. Aliquam qui repudiandae autem quia.', 5, '2019-12-25 21:46:15', '2019-12-25 21:46:15'),
	(184, 6, 'Josie Fisher', 'Modi porro aut amet perspiciatis nesciunt quam autem. Autem sit aperiam perferendis. Nam cumque quidem vel sed sed quidem.', 4, '2019-12-25 21:46:15', '2019-12-25 21:46:15'),
	(185, 65, 'Dr. Carlotta Steuber IV', 'Laborum dolor praesentium culpa est consequatur. Eum aliquam nisi deleniti nihil. Quia officia deserunt quia ut quidem commodi.', 2, '2019-12-25 21:46:15', '2019-12-25 21:46:15'),
	(186, 30, 'Willie Schuppe', 'Neque in et distinctio et officia. In maxime ut delectus repudiandae. Nisi natus delectus aut eos enim.', 1, '2019-12-25 21:46:16', '2019-12-25 21:46:16'),
	(187, 44, 'Prof. Raul Russel', 'Tenetur dolorem voluptatem reiciendis quas tenetur sint. Voluptates culpa et assumenda odio tempore. Est non aut autem nobis quis necessitatibus eaque doloribus. Ex et aut eveniet et sequi omnis aut minima.', 2, '2019-12-25 21:46:16', '2019-12-25 21:46:16'),
	(188, 58, 'Maximilian Green', 'Voluptatibus quia qui doloribus quasi aut et quia. Rerum et esse enim commodi maiores. A ut qui nostrum quis. Quisquam delectus illum vero pariatur sint quia.', 4, '2019-12-25 21:46:16', '2019-12-25 21:46:16'),
	(189, 2, 'Dr. Grant Bosco', 'Doloribus recusandae perferendis porro quae sunt impedit odit. Harum vel pariatur dolores atque. Officiis est quis et consequuntur nihil architecto. Nam ab consequatur sed suscipit nemo cum ut. Sunt voluptas quia maiores voluptatem quo vitae optio.', 1, '2019-12-25 21:46:16', '2019-12-25 21:46:16'),
	(190, 21, 'Christy Feeney', 'Temporibus debitis perferendis eos qui. Ex eos iusto dolorum error magni illum. Animi voluptatibus qui nihil ratione necessitatibus totam vero.', 4, '2019-12-25 21:46:16', '2019-12-25 21:46:16'),
	(191, 37, 'Terrence Braun', 'Ipsam nesciunt accusantium qui consectetur. Autem dolore amet dolores. Consequatur sint a et aliquam culpa odio quos. Consequuntur dolorem molestiae qui aperiam numquam id.', 0, '2019-12-25 21:46:16', '2019-12-25 21:46:16'),
	(192, 30, 'Mr. Fidel Feest IV', 'Perspiciatis omnis rem modi fugit a voluptatem voluptatum. Ad odio est pariatur sequi nam et. Dolorem omnis quo consectetur molestias corporis ullam nesciunt.', 1, '2019-12-25 21:46:16', '2019-12-25 21:46:16'),
	(193, 58, 'Tatyana Glover', 'Nihil sunt eligendi vero necessitatibus ducimus quasi quia. Laborum soluta eos consequatur qui vel praesentium autem. Quod quos magnam dolore eveniet veritatis ea. Nulla voluptatem accusamus at possimus corporis repudiandae corporis.', 4, '2019-12-25 21:46:16', '2019-12-25 21:46:16'),
	(194, 59, 'Duncan Jerde', 'Hic aut et nihil qui omnis aliquid et. Architecto iste quo rem rerum suscipit consequuntur quidem. Explicabo cum et est esse doloremque laborum rem rem.', 0, '2019-12-25 21:46:16', '2019-12-25 21:46:16'),
	(195, 37, 'Einar Yost Sr.', 'Nihil dolores quibusdam doloribus totam voluptatem reiciendis. Quas distinctio aliquid cumque aut velit quis. Fugit eius animi itaque quae quia.', 0, '2019-12-25 21:46:16', '2019-12-25 21:46:16'),
	(196, 37, 'Ellie Aufderhar', 'Enim autem molestiae consequuntur sit iure repellat. Cupiditate qui ut beatae fuga in distinctio voluptatem. Voluptas qui et dolor ullam non.', 0, '2019-12-25 21:46:16', '2019-12-25 21:46:16'),
	(197, 38, 'Prof. Devonte Kiehn II', 'Ad consequuntur est repudiandae deserunt. Aliquid sed et aperiam itaque delectus odit id qui. Ut est facere officia recusandae odit ut. Excepturi et et rerum eius atque voluptatem eveniet.', 2, '2019-12-25 21:46:16', '2019-12-25 21:46:16'),
	(198, 51, 'Ena Satterfield', 'Maiores vel sunt quo alias rem rerum porro impedit. Et voluptatibus aut vero praesentium. Omnis dignissimos sint aut sit enim. Eos rem mollitia sit.', 4, '2019-12-25 21:46:16', '2019-12-25 21:46:16'),
	(199, 77, 'Anahi Labadie', 'Architecto magni laudantium molestiae minus accusamus ipsum quod. Veritatis optio praesentium nulla. Facilis odio incidunt aliquid qui eligendi laudantium sequi impedit. Omnis libero assumenda rerum quod qui dolore eveniet.', 2, '2019-12-25 21:46:16', '2019-12-25 21:46:16'),
	(200, 68, 'Mr. Vladimir Jaskolski Sr.', 'Dolores neque quasi sint quia est rerum. Sed tenetur est temporibus consequuntur accusamus sint recusandae. Et distinctio dignissimos eaque optio est excepturi dolores. Et deserunt neque aut veniam nulla.', 2, '2019-12-25 21:46:16', '2019-12-25 21:46:16'),
	(201, 3, 'Rae Powlowski', 'Rem sint cumque est iusto magni quis quidem. Reiciendis doloribus perferendis ut vero maxime labore. Dolores quod deserunt architecto in delectus.', 3, '2019-12-25 21:46:16', '2019-12-25 21:46:16'),
	(202, 20, 'Madisyn Wilderman', 'Vel a ut culpa voluptatem quia reiciendis non. Omnis est ad non magnam deserunt quia doloremque. Velit facilis repellat reiciendis molestiae in velit quisquam quia.', 5, '2019-12-25 21:46:16', '2019-12-25 21:46:16'),
	(203, 64, 'Prof. Ambrose Kulas', 'Tenetur est temporibus iste velit dicta. Exercitationem aut accusantium voluptatem nemo et ea. Velit maiores molestiae corporis maxime labore.', 1, '2019-12-25 21:46:17', '2019-12-25 21:46:17'),
	(204, 99, 'Aurelia Schneider DDS', 'Architecto dolor atque quibusdam sint. Dolores quia atque aliquam. Consequatur aut praesentium qui fuga.', 0, '2019-12-25 21:46:17', '2019-12-25 21:46:17'),
	(205, 99, 'Tyree Considine II', 'Voluptate iusto ipsum architecto modi sit. Nobis delectus deserunt nulla nostrum inventore optio rerum.', 2, '2019-12-25 21:46:17', '2019-12-25 21:46:17'),
	(206, 20, 'Mauricio Wehner', 'Dolorem perferendis rem perferendis ea eius. Odio minima ipsum saepe nulla. Quos delectus aut doloremque. Hic incidunt vel quia praesentium quia amet sunt est.', 2, '2019-12-25 21:46:17', '2019-12-25 21:46:17'),
	(207, 9, 'Miss Zaria Bins', 'Tempore blanditiis illo soluta aliquid aliquam. Totam corporis esse consequatur adipisci omnis. Vel nemo ducimus optio id. Voluptas ipsam aut id id.', 3, '2019-12-25 21:46:17', '2019-12-25 21:46:17'),
	(208, 19, 'Twila Waters', 'Voluptatem distinctio natus reiciendis aut odit nam voluptate. Iste cumque iure et eligendi voluptatem sunt necessitatibus quae.', 2, '2019-12-25 21:46:17', '2019-12-25 21:46:17'),
	(209, 60, 'Prof. Trever Ondricka IV', 'Excepturi est et voluptas unde et dolores consequatur. Sed nobis id eos. Fugit ut voluptas iste nemo pariatur et eius maxime. Sit repellat quaerat magnam atque consequatur officia.', 1, '2019-12-25 21:46:17', '2019-12-25 21:46:17'),
	(210, 24, 'Mrs. Haven Nolan DVM', 'Aut sed est fugiat officiis animi totam voluptas saepe. Tenetur doloribus praesentium qui consequatur. Dolor vel fugit ea perspiciatis non molestiae iusto.', 2, '2019-12-25 21:46:17', '2019-12-25 21:46:17'),
	(211, 11, 'Mr. Dylan Langosh I', 'Voluptatem magnam enim harum doloremque vero autem sit sequi. Corporis quae iusto consectetur. Libero corrupti aperiam alias veniam.', 4, '2019-12-25 21:46:17', '2019-12-25 21:46:17'),
	(212, 58, 'Sage Ryan', 'Iste dolorem et excepturi vel tenetur illo. Nostrum qui voluptates unde id consectetur nihil. Est ea nulla expedita consequuntur.', 2, '2019-12-25 21:46:17', '2019-12-25 21:46:17'),
	(213, 9, 'Mayra Kuphal', 'Pariatur ea ex voluptas cum ex. Qui sit voluptate ratione sit qui adipisci repellendus sit. Reiciendis voluptatem voluptatem rem omnis.', 1, '2019-12-25 21:46:17', '2019-12-25 21:46:17'),
	(214, 75, 'Reba Kunze', 'Quod nulla ex ut aliquam. Mollitia rem quibusdam consequatur non eos praesentium dolorem. Illo non suscipit officia vero. Id sapiente et cum doloremque id. Aut eveniet temporibus omnis neque officiis et ea exercitationem.', 3, '2019-12-25 21:46:17', '2019-12-25 21:46:17'),
	(215, 1, 'Miss Orpha Ortiz IV', 'Et excepturi explicabo molestiae. Explicabo deleniti qui officiis sapiente et consequatur. Et architecto quisquam velit et reiciendis libero voluptatibus praesentium. Deserunt aperiam qui voluptas.', 2, '2019-12-25 21:46:17', '2019-12-25 21:46:17'),
	(216, 73, 'Miss Kaya Friesen', 'Dolore praesentium explicabo aut nihil. Ut placeat vel omnis accusantium. Vel accusantium praesentium repellat optio qui inventore exercitationem.', 1, '2019-12-25 21:46:17', '2019-12-25 21:46:17'),
	(217, 70, 'Ms. Jayda Ledner PhD', 'Sed accusamus corporis voluptatum dignissimos voluptatem nisi iusto. Aut officia inventore est perferendis fugiat. Et in et voluptas porro modi delectus sit quaerat. Reprehenderit molestiae est quis.', 4, '2019-12-25 21:46:17', '2019-12-25 21:46:17'),
	(218, 18, 'Sister Cummerata', 'Molestias vel earum ut ducimus nihil. Et provident ullam fuga ut repellat deleniti. Consequatur veniam facilis fugiat atque. Et alias accusamus porro.', 2, '2019-12-25 21:46:17', '2019-12-25 21:46:17'),
	(219, 61, 'Stefanie Wuckert', 'A mollitia velit nihil. Aut ipsum voluptatem sunt eaque eos consequatur in in. Aut omnis vel quos.', 4, '2019-12-25 21:46:17', '2019-12-25 21:46:17'),
	(220, 74, 'Ramon O\'Reilly', 'Quos facilis voluptatem enim molestiae excepturi quasi. Ipsum omnis sed perferendis tempore.', 4, '2019-12-25 21:46:17', '2019-12-25 21:46:17'),
	(221, 61, 'Ethan Jenkins', 'Aut magnam distinctio officiis explicabo explicabo quis laudantium. Eum maxime maiores sit suscipit. Exercitationem tenetur qui consequatur porro.', 3, '2019-12-25 21:46:18', '2019-12-25 21:46:18'),
	(222, 47, 'Joanne Kilback', 'Et provident quis distinctio. Dolores maxime reiciendis voluptatum repudiandae laborum aliquid distinctio. Cupiditate quos sit et quaerat.', 3, '2019-12-25 21:46:18', '2019-12-25 21:46:18'),
	(223, 80, 'Chance Hegmann', 'Explicabo facere sed cupiditate ut odio quasi consequatur. Dolor in incidunt a deserunt molestiae omnis repellendus porro. Itaque explicabo voluptas provident esse. Non commodi placeat molestias adipisci autem dolor repellat.', 5, '2019-12-25 21:46:18', '2019-12-25 21:46:18'),
	(224, 32, 'Nico Nienow', 'Repudiandae neque nostrum aut ut qui ea voluptatem. Praesentium et est temporibus alias quaerat quae. Numquam ut at aut sit. Reiciendis aut voluptas molestiae ea est ad saepe.', 3, '2019-12-25 21:46:18', '2019-12-25 21:46:18'),
	(225, 67, 'Mr. Aron Leffler', 'Et sit voluptas et sunt beatae. Dolores est harum magnam recusandae fugiat facilis hic. Ut consequuntur eaque natus veniam commodi.', 4, '2019-12-25 21:46:18', '2019-12-25 21:46:18'),
	(226, 47, 'Mr. Sylvester Bednar', 'Iste ratione natus et sint voluptatem qui. Veniam dolor explicabo dolor alias laudantium laudantium. Voluptatibus in molestiae sint.', 4, '2019-12-25 21:46:18', '2019-12-25 21:46:18'),
	(227, 54, 'Prof. Houston Parisian DDS', 'Est incidunt corporis repellat est. Occaecati praesentium consectetur natus dicta asperiores est. Recusandae quae dolorem eveniet ducimus sunt cumque.', 3, '2019-12-25 21:46:18', '2019-12-25 21:46:18'),
	(228, 23, 'Devin Lindgren', 'Sint eos deserunt sed maxime. Ut quia iure aspernatur assumenda est eaque id placeat. Quia voluptatem magnam quisquam.', 3, '2019-12-25 21:46:18', '2019-12-25 21:46:18'),
	(229, 15, 'Dr. Columbus Schuppe MD', 'Provident ut ut occaecati quae reiciendis deleniti. Voluptatem occaecati explicabo aliquam quae officia reprehenderit. Rerum voluptas iure enim ipsa eum ipsum nam.', 1, '2019-12-25 21:46:18', '2019-12-25 21:46:18'),
	(230, 3, 'Mr. Scotty Gibson', 'Quos molestias velit consectetur dolore amet. Saepe et sit ipsum nihil placeat consectetur omnis. Sed ut incidunt sequi.', 4, '2019-12-25 21:46:18', '2019-12-25 21:46:18'),
	(231, 71, 'Jaylan Orn', 'Soluta at officiis rerum quas illo est. Maxime nostrum a pariatur. Sit nihil autem quod impedit. Consectetur beatae voluptate voluptatum.', 1, '2019-12-25 21:46:18', '2019-12-25 21:46:18'),
	(232, 62, 'Mrs. Loraine Hahn DDS', 'Harum sed omnis molestias qui. At officiis rerum et eaque nostrum a architecto. Et natus quo dignissimos.', 4, '2019-12-25 21:46:18', '2019-12-25 21:46:18'),
	(233, 85, 'Prof. Emmitt Dibbert', 'Aliquam distinctio optio consectetur. Et provident accusamus eos aut sint. Neque et qui non provident a explicabo amet.', 1, '2019-12-25 21:46:18', '2019-12-25 21:46:18'),
	(234, 37, 'Harmony Gusikowski', 'Amet nemo at porro hic consequatur totam vero nam. Nam non iusto eos voluptas dolorum voluptatem ipsa. Temporibus blanditiis modi dolores eos consequatur et. Magni occaecati omnis saepe aut laudantium sit.', 1, '2019-12-25 21:46:18', '2019-12-25 21:46:18'),
	(235, 44, 'Lauryn Keeling', 'Ut eligendi non modi sunt dicta. Qui et et quae sunt vel consequuntur sed. Non ex ducimus accusamus qui.', 4, '2019-12-25 21:46:18', '2019-12-25 21:46:18'),
	(236, 28, 'Mrs. Kirsten Stracke DDS', 'Similique maxime est in aliquam cupiditate. Repellat iste eum incidunt dolorem exercitationem. Sed est debitis repudiandae enim ut.', 3, '2019-12-25 21:46:18', '2019-12-25 21:46:18'),
	(237, 1, 'Gustave Wolf', 'Quas nesciunt fuga quis nisi modi nihil repudiandae. Ipsam quia accusamus vel animi rerum laborum. Maiores id rerum et perferendis expedita.', 0, '2019-12-25 21:46:18', '2019-12-25 21:46:18'),
	(238, 25, 'Coleman Kub', 'Deserunt libero esse maiores sed quis quo dolor repudiandae. Aut corrupti sed provident perferendis quidem dignissimos. Repellat animi voluptatem eius quasi eius sint consequatur. Et nam in id reiciendis.', 0, '2019-12-25 21:46:19', '2019-12-25 21:46:19'),
	(239, 99, 'Candelario Stanton DDS', 'Nulla placeat vero magni doloribus ut molestiae illum. Molestias ab nulla et enim molestiae temporibus reprehenderit repellat. Aut quidem qui itaque amet est temporibus delectus.', 5, '2019-12-25 21:46:19', '2019-12-25 21:46:19'),
	(240, 69, 'Mr. Shayne Kautzer Jr.', 'Consequatur sunt fugiat sed veniam facilis fugit. Quo vel nobis voluptatem. Est tenetur dignissimos occaecati tenetur. Neque et consequuntur rem laboriosam doloribus minus ex quisquam. Beatae eum molestiae atque sunt et incidunt.', 1, '2019-12-25 21:46:19', '2019-12-25 21:46:19'),
	(241, 59, 'Triston Kertzmann', 'Voluptatem dicta dolores ad vero molestiae laudantium. Quia rerum modi unde quo quo itaque hic. Aut recusandae et reprehenderit ipsa rerum. Fuga molestiae ullam illum.', 0, '2019-12-25 21:46:19', '2019-12-25 21:46:19'),
	(242, 22, 'Juston Nader', 'Esse eos error dolorem similique. Perspiciatis consequuntur impedit reiciendis magnam. Dicta temporibus perspiciatis est non. Quia sit quia sit eum veniam dolorem.', 1, '2019-12-25 21:46:19', '2019-12-25 21:46:19'),
	(243, 88, 'Mr. Tyree Wuckert', 'Est deleniti hic accusantium aperiam et. Iusto reprehenderit ipsam omnis. Consequatur omnis perferendis quo ea nemo nesciunt sit.', 4, '2019-12-25 21:46:19', '2019-12-25 21:46:19'),
	(244, 54, 'Dr. Leonard Borer IV', 'Nihil dolorem et facilis dicta. Quam molestiae atque quidem. Possimus cumque perferendis quo rerum vitae adipisci quisquam.', 4, '2019-12-25 21:46:19', '2019-12-25 21:46:19'),
	(245, 51, 'Mrs. Nellie Reilly PhD', 'Labore eius fugiat deleniti ea saepe ipsum ipsam. Vitae est iste voluptas id. Qui deserunt et quasi possimus dolore dolor qui.', 2, '2019-12-25 21:46:19', '2019-12-25 21:46:19'),
	(246, 66, 'Dr. Lavada Shields', 'Perferendis atque aut quos voluptate. Animi totam tempore quia et officia dignissimos aut. Nesciunt cumque excepturi ab nesciunt iste.', 3, '2019-12-25 21:46:19', '2019-12-25 21:46:19'),
	(247, 22, 'Nash Lang', 'Esse tempora nisi vel impedit et at tempora doloribus. Quod nostrum fugit asperiores qui qui ratione. Optio possimus omnis omnis et quo vitae voluptatem. Suscipit et non a sed.', 1, '2019-12-25 21:46:19', '2019-12-25 21:46:19'),
	(248, 55, 'Patience Kling', 'Dolorem sed sit quas ratione ut. Incidunt adipisci et odit dignissimos qui inventore ad. Necessitatibus qui nobis vel dolores nobis officia ab. Dignissimos laudantium ut ab omnis ut officia nostrum.', 1, '2019-12-25 21:46:19', '2019-12-25 21:46:19'),
	(249, 58, 'Guadalupe Cartwright', 'Accusamus consequatur veniam saepe sequi similique totam. Nam suscipit ut omnis eum qui. Ut unde qui aut.', 0, '2019-12-25 21:46:19', '2019-12-25 21:46:19'),
	(250, 63, 'Milford Watsica', 'Molestias saepe delectus ducimus suscipit quis aperiam iste porro. Cum non eos ullam soluta consequatur.', 0, '2019-12-25 21:46:19', '2019-12-25 21:46:19'),
	(251, 9, 'Prof. Casimer Kessler', 'Cum distinctio fugit iusto est quo voluptatum veniam. Voluptatem dolor dolores laudantium sunt deserunt commodi blanditiis. Dolorem accusantium et eum sunt et laboriosam. Assumenda facilis commodi recusandae vel quia nemo necessitatibus.', 1, '2019-12-25 21:46:19', '2019-12-25 21:46:19'),
	(252, 75, 'Roosevelt Tremblay DVM', 'Dicta et laborum est magnam modi. Magni et consequatur dolor rerum repudiandae. Eaque iusto quis reiciendis ex.', 3, '2019-12-25 21:46:19', '2019-12-25 21:46:19'),
	(253, 11, 'Ernestine Daugherty', 'Dicta laudantium aliquid omnis sint perspiciatis dolores. Totam iusto magni aut magnam ut odio odit. Magnam minus rerum pariatur tempora. Natus doloremque repellat at harum commodi sequi quam labore.', 2, '2019-12-25 21:46:19', '2019-12-25 21:46:19'),
	(254, 14, 'Kimberly Bogisich', 'Aut quia praesentium perferendis consequuntur. Recusandae ea id illum ex ullam ullam animi minima. Recusandae ut in debitis id. Nihil dolores quo optio ut perferendis culpa. Id eos est sed et consequatur consequatur.', 3, '2019-12-25 21:46:19', '2019-12-25 21:46:19'),
	(255, 93, 'Kassandra Yundt Jr.', 'Reprehenderit vero excepturi aut sed qui repudiandae eligendi consequatur. Cumque et commodi ullam assumenda aut quam. Animi rerum eum neque. Eligendi et eos sapiente.', 5, '2019-12-25 21:46:20', '2019-12-25 21:46:20'),
	(256, 27, 'Sean Mayert', 'Fugit voluptatem necessitatibus nulla. Tenetur quisquam et qui aut laudantium. Consequatur ut accusamus odio.', 3, '2019-12-25 21:46:20', '2019-12-25 21:46:20'),
	(257, 98, 'Natalia Waelchi', 'Fugit repellendus pariatur eligendi qui molestias veritatis enim tenetur. Vero animi id et ullam.', 3, '2019-12-25 21:46:20', '2019-12-25 21:46:20'),
	(258, 62, 'Dr. Emmet Schamberger', 'Natus velit eius eum et. Similique qui corporis repellendus earum autem. Error perspiciatis eos voluptatem earum vitae. Sed vel accusamus fugit.', 2, '2019-12-25 21:46:20', '2019-12-25 21:46:20'),
	(259, 21, 'Gunnar Schiller', 'Voluptates praesentium consequatur eveniet. Voluptas voluptatem optio explicabo. Sint placeat dolores voluptatum ipsum et praesentium. Et quam laborum velit numquam molestiae asperiores minima.', 2, '2019-12-25 21:46:20', '2019-12-25 21:46:20'),
	(260, 45, 'Salvador Flatley Sr.', 'Eum aut et sunt doloribus harum. Cum officia maxime perspiciatis. Est eligendi aperiam ut cupiditate omnis doloribus laborum.', 1, '2019-12-25 21:46:20', '2019-12-25 21:46:20'),
	(261, 72, 'Etha Mueller', 'Ut soluta corrupti omnis animi est sunt. Quia accusamus ipsam provident iure minus doloremque. Nostrum qui aut amet doloremque.', 2, '2019-12-25 21:46:20', '2019-12-25 21:46:20'),
	(262, 64, 'Amina Luettgen', 'Nulla accusantium repellendus exercitationem a. Est modi a est ut adipisci aut ut reprehenderit. Quo repudiandae est nihil eos voluptatem est.', 0, '2019-12-25 21:46:20', '2019-12-25 21:46:20'),
	(263, 71, 'Trudie Prosacco V', 'Blanditiis voluptatem quisquam non earum dolorem sit assumenda sit. Vero exercitationem soluta sunt. Quia aut suscipit assumenda modi expedita et voluptatibus ea.', 2, '2019-12-25 21:46:20', '2019-12-25 21:46:20'),
	(264, 73, 'Guido Miller', 'Quo nisi aut amet rem occaecati architecto harum. Expedita officia velit doloremque ea voluptates aut reprehenderit. Rem dolorum harum amet aut numquam doloremque. Et consequuntur est eum quaerat.', 3, '2019-12-25 21:46:20', '2019-12-25 21:46:20'),
	(265, 43, 'River Beahan', 'Nisi labore et qui fugit molestiae voluptatem est. Voluptates ducimus eos eos. Esse ut autem itaque aut.', 0, '2019-12-25 21:46:20', '2019-12-25 21:46:20'),
	(266, 55, 'Dr. Glen Kautzer PhD', 'Quia aliquam molestiae deserunt quia quia omnis. Sed quam id quibusdam. Nam beatae nisi autem qui laborum a. Accusamus sit quia voluptatum autem veritatis.', 5, '2019-12-25 21:46:20', '2019-12-25 21:46:20'),
	(267, 35, 'Dr. Jaden Corwin DVM', 'Modi aliquam soluta velit modi repudiandae ullam quas. Velit voluptatem ad officia aperiam omnis odit. Aperiam corrupti est ea sunt reprehenderit.', 2, '2019-12-25 21:46:20', '2019-12-25 21:46:20'),
	(268, 96, 'Aurelie Morar', 'Tempore et quia natus. Maxime eum libero rerum autem rerum dolorum consectetur. Sit architecto qui molestiae repellendus sequi fuga quas. Sequi sint et nisi quibusdam saepe autem.', 0, '2019-12-25 21:46:20', '2019-12-25 21:46:20'),
	(269, 81, 'Malvina Barrows', 'Ipsum et et magni. Est in nesciunt in ea voluptatem officia. Totam harum quaerat vitae voluptatem ut. Atque voluptatem dolore aut velit eligendi iure inventore nobis.', 0, '2019-12-25 21:46:20', '2019-12-25 21:46:20'),
	(270, 26, 'Miss Corene Moore', 'Natus facere maiores voluptatibus laboriosam reiciendis reiciendis. Culpa quis iusto voluptatem et est. Dolores accusantium cupiditate iure voluptatum atque tempore soluta. Quibusdam temporibus voluptas fuga itaque laboriosam eius.', 2, '2019-12-25 21:46:20', '2019-12-25 21:46:20'),
	(271, 100, 'Prof. Geovany Homenick', 'Qui deserunt fugit ipsum sed. Temporibus sunt repellat quasi quo et quas est. Fugiat possimus dicta et cupiditate enim sint. Quia possimus cum molestias aut repellendus et harum.', 2, '2019-12-25 21:46:21', '2019-12-25 21:46:21'),
	(272, 54, 'Prof. Tillman Keebler V', 'Vero repellat reiciendis at eius voluptas. Tempora omnis qui dolorem hic. Quidem sed aut ullam natus nemo qui. Doloribus dolores soluta dolor veritatis esse.', 5, '2019-12-25 21:46:21', '2019-12-25 21:46:21'),
	(273, 74, 'Prof. Brayan Deckow I', 'Dignissimos earum blanditiis modi voluptatibus quidem adipisci inventore. Facere consequatur est voluptatem dolores autem rerum nihil. Inventore accusantium iste aut accusamus. Nesciunt odio explicabo corrupti eveniet. Ut libero quos vel voluptatum dolores.', 5, '2019-12-25 21:46:21', '2019-12-25 21:46:21'),
	(274, 68, 'Angelica Kuhlman', 'Dolores magni occaecati sint hic est velit incidunt. Unde est voluptate aut. Occaecati est non sapiente non qui.', 2, '2019-12-25 21:46:21', '2019-12-25 21:46:21'),
	(275, 32, 'Prof. Khalil Lang', 'Earum quo itaque voluptas quae. Laudantium veniam et officiis asperiores eum eum aliquam. Ipsum debitis magnam adipisci. Dolore id ipsa enim sunt molestiae.', 0, '2019-12-25 21:46:21', '2019-12-25 21:46:21'),
	(276, 92, 'Declan Jones', 'Soluta vero ipsam deleniti dolorem sequi deleniti officia. Ducimus minus laborum non ullam ad atque.', 4, '2019-12-25 21:46:21', '2019-12-25 21:46:21'),
	(277, 70, 'Dariana Lemke', 'Neque cumque repellendus porro assumenda qui dolorum iusto. Et enim suscipit delectus ut nesciunt. Ea quibusdam culpa voluptate. Sit qui aut voluptates rerum.', 4, '2019-12-25 21:46:21', '2019-12-25 21:46:21'),
	(278, 17, 'Levi Stoltenberg', 'Et velit amet dolor. Aut sit illo illum ex. Aut quo corrupti dolores minus est praesentium. Illo autem illum et provident maiores aut.', 2, '2019-12-25 21:46:21', '2019-12-25 21:46:21'),
	(279, 34, 'Kaley Botsford', 'Et doloremque quia et quasi in doloribus. Vero ut pariatur delectus et modi. Pariatur labore recusandae culpa temporibus libero sint. Atque sit ut aut dolor accusamus dolores.', 0, '2019-12-25 21:46:21', '2019-12-25 21:46:21'),
	(280, 89, 'Dr. Demond Breitenberg IV', 'Eaque sit est aspernatur voluptatem corrupti. Eos nostrum qui quod repellendus illum odit. Laudantium accusamus saepe quos.', 2, '2019-12-25 21:46:21', '2019-12-25 21:46:21'),
	(281, 43, 'Miss Rosemary Baumbach', 'Harum itaque consequuntur eaque. Sed distinctio voluptatem dolorem sed molestias maxime vitae. Aut omnis provident consequatur dolor sapiente voluptate.', 3, '2019-12-25 21:46:21', '2019-12-25 21:46:21'),
	(282, 91, 'Prof. Marguerite McLaughlin DVM', 'Quasi eius ab vitae ab architecto ad possimus. Accusamus dolorem et nam atque totam velit aspernatur.', 4, '2019-12-25 21:46:21', '2019-12-25 21:46:21'),
	(283, 76, 'Celine Casper PhD', 'Deserunt aut molestiae nihil doloribus distinctio omnis. Beatae dolor autem tenetur. Dolorem incidunt quis numquam dolores id.', 0, '2019-12-25 21:46:21', '2019-12-25 21:46:21'),
	(284, 26, 'Letitia Wisozk', 'In et porro non consequatur repellat. Velit voluptatum dolorem doloribus dolorum. Deleniti aspernatur eum praesentium commodi error voluptas repellendus delectus. Ipsum minima deserunt magnam quibusdam.', 4, '2019-12-25 21:46:21', '2019-12-25 21:46:21'),
	(285, 95, 'Kellen Kuhic', 'Molestias at et sed numquam hic quo molestiae. Temporibus aut ipsum voluptatem sint amet. Eveniet sed non et voluptates molestiae.', 4, '2019-12-25 21:46:21', '2019-12-25 21:46:21'),
	(286, 92, 'Carole Conn', 'Molestiae consequatur ut aliquid architecto odio nesciunt et. Qui explicabo odit sit qui eaque tempora. Sit tenetur voluptatem eos non et consequuntur et. Voluptatum nostrum dolore ea quia.', 4, '2019-12-25 21:46:22', '2019-12-25 21:46:22'),
	(287, 4, 'Abner Bartell', 'Dolor facilis quia qui ipsa est dignissimos est. Recusandae in asperiores est quasi consequatur. Amet nam rerum dicta id dolores accusamus soluta.', 2, '2019-12-25 21:46:22', '2019-12-25 21:46:22'),
	(288, 2, 'Noah Bins', 'Dolor veritatis ipsum tempora et quisquam ut. Assumenda dolorem laudantium qui. Iusto mollitia molestiae omnis ducimus atque vitae. Autem esse ipsa recusandae cumque doloribus.', 0, '2019-12-25 21:46:22', '2019-12-25 21:46:22'),
	(289, 6, 'Jayme Zulauf', 'Delectus doloribus vero voluptatem architecto. Porro et ut nesciunt consequatur aspernatur. Aut vitae officia in voluptatem debitis.', 2, '2019-12-25 21:46:22', '2019-12-25 21:46:22'),
	(290, 69, 'Beverly Ratke', 'Nam nemo nesciunt voluptatem numquam. A neque similique est inventore. Inventore qui quam velit soluta et quae.', 1, '2019-12-25 21:46:22', '2019-12-25 21:46:22'),
	(291, 46, 'Dr. Nakia Keeling', 'Quo sit incidunt magnam voluptatem ullam quia dolores. Aut repellat est quos vel quidem. Incidunt quo consequatur suscipit ea iste non praesentium. Non eos quia quia placeat distinctio molestiae similique odio.', 0, '2019-12-25 21:46:22', '2019-12-25 21:46:22'),
	(292, 87, 'Geovany Crona', 'Eos debitis repudiandae quam earum non. Sunt voluptatem iure qui mollitia ut architecto facere. Explicabo corrupti et odit nam quo debitis quis. Rem in officiis quasi eaque harum iste.', 0, '2019-12-25 21:46:22', '2019-12-25 21:46:22'),
	(293, 78, 'Angelica Waelchi', 'Animi qui natus ut perspiciatis incidunt quia sit rerum. Velit consectetur neque quo quia et. Velit quia voluptas cupiditate alias consequatur vitae natus culpa. Est officiis ratione in numquam quae sunt.', 4, '2019-12-25 21:46:22', '2019-12-25 21:46:22'),
	(294, 40, 'Arturo Gorczany', 'Numquam ut magni deleniti aut consequatur. Iste rerum animi sunt voluptas temporibus recusandae eaque. Omnis recusandae numquam ducimus libero ut est maiores. Vel eveniet labore soluta voluptate est nam rem.', 2, '2019-12-25 21:46:22', '2019-12-25 21:46:22'),
	(295, 99, 'Nora Pfeffer', 'Quis eos nemo vitae accusantium rerum. Dolorem voluptatem laborum ipsam quo voluptatem illum. Soluta alias animi error repellat quia dolor autem.', 2, '2019-12-25 21:46:22', '2019-12-25 21:46:22'),
	(296, 68, 'Dr. Fleta Ankunding', 'Occaecati ipsam asperiores mollitia possimus nihil praesentium natus. Repellat dolor maxime quo doloribus repudiandae. Quo ut est ex qui accusamus sit.', 0, '2019-12-25 21:46:22', '2019-12-25 21:46:22'),
	(297, 75, 'Adam Crona', 'Adipisci reprehenderit delectus cum expedita. Sed animi nisi cum sed et.', 0, '2019-12-25 21:46:22', '2019-12-25 21:46:22'),
	(298, 59, 'Prof. Freeman Quitzon', 'Nam esse consequuntur autem facere error maxime qui. Eligendi rem aperiam maiores voluptatem et. Totam qui ullam qui totam temporibus sunt. Et deleniti nisi placeat aliquid.', 4, '2019-12-25 21:46:23', '2019-12-25 21:46:23'),
	(299, 23, 'Prof. Randy D\'Amore DVM', 'Mollitia repellendus voluptate quaerat commodi quae. Ex dolorem ut nulla nemo sunt deleniti. Vel qui error reiciendis. Minima maiores aut voluptas ducimus ex delectus maxime.', 3, '2019-12-25 21:46:23', '2019-12-25 21:46:23'),
	(300, 58, 'Aliyah Rohan', 'Saepe saepe quia veritatis rem et aperiam. Eaque cumque quo perspiciatis ea est et quo facilis. Omnis aliquam porro eveniet. Aliquam sed fugit est aut dolore quo.', 4, '2019-12-25 21:46:23', '2019-12-25 21:46:23');
/*!40000 ALTER TABLE `reviews` ENABLE KEYS */;

-- Listage de la structure de la table apiecom. users
CREATE TABLE IF NOT EXISTS `users` (
  `id` bigint(20) unsigned NOT NULL AUTO_INCREMENT,
  `name` varchar(255) COLLATE utf8mb4_unicode_ci NOT NULL,
  `email` varchar(255) COLLATE utf8mb4_unicode_ci NOT NULL,
  `email_verified_at` timestamp NULL DEFAULT NULL,
  `password` varchar(255) COLLATE utf8mb4_unicode_ci NOT NULL,
  `remember_token` varchar(100) COLLATE utf8mb4_unicode_ci DEFAULT NULL,
  `created_at` timestamp NULL DEFAULT NULL,
  `updated_at` timestamp NULL DEFAULT NULL,
  PRIMARY KEY (`id`),
  UNIQUE KEY `users_email_unique` (`email`)
) ENGINE=InnoDB DEFAULT CHARSET=utf8mb4 COLLATE=utf8mb4_unicode_ci;

-- Listage des données de la table apiecom.users : ~0 rows (environ)
DELETE FROM `users`;
/*!40000 ALTER TABLE `users` DISABLE KEYS */;
/*!40000 ALTER TABLE `users` ENABLE KEYS */;

/*!40101 SET SQL_MODE=IFNULL(@OLD_SQL_MODE, '') */;
/*!40014 SET FOREIGN_KEY_CHECKS=IF(@OLD_FOREIGN_KEY_CHECKS IS NULL, 1, @OLD_FOREIGN_KEY_CHECKS) */;
/*!40101 SET CHARACTER_SET_CLIENT=@OLD_CHARACTER_SET_CLIENT */;
